filename,questionID,confidence,difficulty,TP,TN,FN,FP,correct
HIT02_24,15,3,4,0,0,0,1,0
HIT02_24,15,5,1,0,0,0,1,0
HIT02_24,15,3,4,0,0,0,1,0
HIT02_24,15,3,4,0,0,0,1,0
HIT02_24,15,5,4,0,1,0,0,1
HIT02_24,15,4,3,0,0,0,1,0
HIT02_24,15,4,4,0,0,0,1,0
HIT02_24,15,3,3,0,1,0,0,1
HIT02_24,15,5,4,0,1,0,0,1
HIT02_24,15,3,4,0,0,0,1,0
HIT02_24,15,4,4,0,1,0,0,1
HIT02_24,15,4,2,0,0,0,1,0
HIT02_24,15,5,5,0,0,0,1,0
HIT02_24,15,5,1,0,1,0,0,1
HIT02_24,15,5,4,0,1,0,0,1
HIT02_24,15,5,2,0,0,0,1,0
HIT02_24,15,2,2,0,0,0,1,0
HIT02_24,15,4,3,0,1,0,0,1
HIT02_24,15,4,5,0,1,0,0,1
HIT02_24,15,4,2,0,1,0,0,1
HIT02_24,13,4,4,0,0,0,1,0
HIT02_24,13,1,5,0,0,0,1,0
HIT02_24,13,0,5,0,0,0,0,0
HIT02_24,13,4,4,0,1,0,0,1
HIT02_24,13,4,2,0,1,0,0,1
HIT02_24,13,3,4,0,1,0,0,1
HIT02_24,13,3,3,0,1,0,0,1
HIT02_24,13,5,1,0,1,0,0,1
HIT02_24,13,2,4,0,1,0,0,1
HIT02_24,13,4,3,0,0,0,1,0
HIT02_24,13,4,2,0,1,0,0,1
HIT02_24,13,4,1,0,1,0,0,1
HIT02_24,13,5,1,0,1,0,0,1
HIT02_24,13,5,4,0,1,0,0,1
HIT02_24,13,5,1,0,1,0,0,1
HIT02_24,13,2,4,0,0,0,1,0
HIT02_24,13,4,3,0,1,0,0,1
HIT02_24,13,4,2,0,1,0,0,1
HIT02_24,13,5,2,0,1,0,0,1
HIT02_24,13,4,4,0,0,0,1,0
HIT02_24,11,4,4,0,0,0,1,0
HIT02_24,11,1,3,0,1,0,0,1
HIT02_24,11,2,3,0,0,0,1,0
HIT02_24,11,5,2,0,1,0,0,1
HIT02_24,11,0,4,0,0,0,0,0
HIT02_24,11,5,3,0,1,0,0,1
HIT02_24,11,2,3,0,0,0,1,0
HIT02_24,11,4,1,0,1,0,0,1
HIT02_24,11,5,2,0,1,0,0,1
HIT02_24,11,2,5,0,1,0,0,1
HIT02_24,11,4,2,0,1,0,0,1
HIT02_24,11,5,1,0,0,0,1,0
HIT02_24,11,5,1,0,0,0,1,0
HIT02_24,11,4,3,0,1,0,0,1
HIT02_24,11,5,1,0,0,0,1,0
HIT02_24,11,4,3,0,0,0,1,0
HIT02_24,11,4,4,0,1,0,0,1
HIT02_24,11,5,1,0,1,0,0,1
HIT02_24,11,5,1,0,1,0,0,1
HIT02_24,11,4,4,0,0,0,1,0
HIT02_24,10,0,2,0,0,0,0,0
HIT02_24,10,4,3,1,0,0,0,1
HIT02_24,10,3,3,0,0,1,0,0
HIT02_24,10,4,3,1,0,0,0,1
HIT02_24,10,4,3,1,0,0,0,1
HIT02_24,10,4,3,0,0,1,0,0
HIT02_24,10,5,2,1,0,0,0,1
HIT02_24,10,2,3,1,0,0,0,1
HIT02_24,10,0,3,0,0,0,0,0
HIT02_24,10,4,3,0,0,1,0,0
HIT02_24,10,3,3,0,0,1,0,0
HIT02_24,10,4,2,0,0,1,0,0
HIT02_24,10,5,3,1,0,0,0,1
HIT02_24,10,4,2,0,0,1,0,0
HIT02_24,10,3,2,1,0,0,0,1
HIT02_24,10,4,4,1,0,0,0,1
HIT02_24,10,5,2,0,0,1,0,0
HIT02_24,10,4,5,1,0,0,0,1
HIT02_24,10,0,2,0,0,0,0,0
HIT02_24,10,5,1,0,0,1,0,0
HIT02_24,14,4,2,1,0,0,0,1
HIT02_24,14,3,3,1,0,0,0,1
HIT02_24,14,4,3,1,0,0,0,1
HIT02_24,14,3,3,1,0,0,0,1
HIT02_24,14,4,2,1,0,0,0,1
HIT02_24,14,3,3,0,0,1,0,0
HIT02_24,14,5,1,0,0,1,0,0
HIT02_24,14,3,3,1,0,0,0,1
HIT02_24,14,5,2,0,0,1,0,0
HIT02_24,14,0,5,0,0,0,0,0
HIT02_24,14,3,3,0,0,1,0,0
HIT02_24,14,4,2,1,0,0,0,1
HIT02_24,14,5,2,0,0,1,0,0
HIT02_24,14,4,3,0,0,1,0,0
HIT02_24,14,4,2,0,0,1,0,0
HIT02_24,14,4,4,1,0,0,0,1
HIT02_24,14,3,3,0,0,1,0,0
HIT02_24,14,4,5,0,0,1,0,0
HIT02_24,14,0,2,0,0,0,0,0
HIT02_24,14,5,1,1,0,0,0,1
HIT02_24,12,5,1,0,1,0,0,1
HIT02_24,12,3,3,0,1,0,0,1
HIT02_24,12,0,4,0,0,0,0,0
HIT02_24,12,3,3,0,0,0,1,0
HIT02_24,12,4,2,0,1,0,0,1
HIT02_24,12,3,3,0,1,0,0,1
HIT02_24,12,5,1,0,1,0,0,1
HIT02_24,12,2,3,0,0,0,1,0
HIT02_24,12,5,2,0,1,0,0,1
HIT02_24,12,3,3,0,1,0,0,1
HIT02_24,12,4,3,0,1,0,0,1
HIT02_24,12,3,2,0,0,0,1,0
HIT02_24,12,4,2,0,1,0,0,1
HIT02_24,12,4,2,0,1,0,0,1
HIT02_24,12,3,3,0,1,0,0,1
HIT02_24,12,5,1,0,1,0,0,1
HIT02_24,12,3,5,0,1,0,0,1
HIT02_24,12,0,1,0,0,0,0,0
HIT02_24,12,5,1,0,1,0,0,1
HIT02_24,12,4,3,0,0,0,1,0
HIT01_8,7,1,5,0,1,0,0,1
HIT01_8,7,3,5,0,1,0,0,1
HIT01_8,7,5,2,0,1,0,0,1
HIT01_8,7,5,2,0,0,0,1,0
HIT01_8,7,4,3,0,0,0,1,0
HIT01_8,7,5,1,0,1,0,0,1
HIT01_8,7,5,2,0,1,0,0,1
HIT01_8,7,5,2,0,1,0,0,1
HIT01_8,7,5,3,0,1,0,0,1
HIT01_8,7,2,4,0,1,0,0,1
HIT01_8,7,1,5,0,0,0,1,0
HIT01_8,7,4,3,0,1,0,0,1
HIT01_8,7,2,4,0,0,0,1,0
HIT01_8,7,5,1,0,1,0,0,1
HIT01_8,7,3,5,0,1,0,0,1
HIT01_8,7,4,3,0,0,0,1,0
HIT01_8,7,4,3,0,1,0,0,1
HIT01_8,7,4,2,0,1,0,0,1
HIT01_8,7,4,3,0,1,0,0,1
HIT01_8,7,5,1,0,1,0,0,1
HIT01_8,3,1,5,0,1,0,0,1
HIT01_8,3,5,2,0,1,0,0,1
HIT01_8,3,5,2,0,1,0,0,1
HIT01_8,3,5,1,0,1,0,0,1
HIT01_8,3,5,1,0,1,0,0,1
HIT01_8,3,5,1,0,1,0,0,1
HIT01_8,3,5,2,0,1,0,0,1
HIT01_8,3,5,1,0,1,0,0,1
HIT01_8,3,5,3,0,1,0,0,1
HIT01_8,3,2,4,0,1,0,0,1
HIT01_8,3,0,5,0,0,0,0,0
HIT01_8,3,4,2,0,1,0,0,1
HIT01_8,3,4,4,0,1,0,0,1
HIT01_8,3,5,1,0,1,0,0,1
HIT01_8,3,5,3,0,1,0,0,1
HIT01_8,3,4,4,0,0,0,1,0
HIT01_8,3,4,3,0,1,0,0,1
HIT01_8,3,5,2,0,1,0,0,1
HIT01_8,3,4,2,0,1,0,0,1
HIT01_8,3,5,1,0,1,0,0,1
HIT01_8,9,0,5,0,0,0,0,0
HIT01_8,9,3,3,0,1,0,0,1
HIT01_8,9,5,5,0,1,0,0,1
HIT01_8,9,5,2,0,1,0,0,1
HIT01_8,9,5,1,0,1,0,0,1
HIT01_8,9,5,1,0,1,0,0,1
HIT01_8,9,4,2,0,1,0,0,1
HIT01_8,9,5,1,0,1,0,0,1
HIT01_8,9,5,2,0,1,0,0,1
HIT01_8,9,5,2,0,1,0,0,1
HIT01_8,9,5,2,0,1,0,0,1
HIT01_8,9,5,1,0,1,0,0,1
HIT01_8,9,4,2,0,0,0,1,0
HIT01_8,9,5,3,0,1,0,0,1
HIT01_8,9,2,4,0,1,0,0,1
HIT01_8,9,5,1,0,1,0,0,1
HIT01_8,9,5,1,0,1,0,0,1
HIT01_8,9,1,4,0,1,0,0,1
HIT01_8,9,0,5,0,0,0,0,0
HIT01_8,9,5,4,0,1,0,0,1
HIT01_8,6,5,2,0,1,0,0,1
HIT01_8,6,4,2,0,0,0,1,0
HIT01_8,6,5,3,0,0,0,1,0
HIT01_8,6,5,2,0,1,0,0,1
HIT01_8,6,5,2,0,1,0,0,1
HIT01_8,6,5,2,0,1,0,0,1
HIT01_8,6,3,3,0,0,0,1,0
HIT01_8,6,5,2,0,1,0,0,1
HIT01_8,6,4,4,0,0,0,1,0
HIT01_8,6,5,2,0,1,0,0,1
HIT01_8,6,5,1,0,1,0,0,1
HIT01_8,6,3,5,0,0,0,1,0
HIT01_8,6,0,4,0,0,0,0,0
HIT01_8,6,3,3,0,0,0,1,0
HIT01_8,6,5,3,0,0,0,1,0
HIT01_8,6,2,3,0,1,0,0,1
HIT01_8,6,5,1,0,1,0,0,1
HIT01_8,6,5,1,0,1,0,0,1
HIT01_8,6,5,1,0,1,0,0,1
HIT01_8,6,5,2,0,1,0,0,1
HIT01_8,2,5,1,0,1,0,0,1
HIT01_8,2,5,1,0,1,0,0,1
HIT01_8,2,4,4,0,1,0,0,1
HIT01_8,2,5,1,0,1,0,0,1
HIT01_8,2,5,1,0,1,0,0,1
HIT01_8,2,4,2,0,1,0,0,1
HIT01_8,2,5,1,0,1,0,0,1
HIT01_8,2,5,1,0,1,0,0,1
HIT01_8,2,4,4,0,0,0,1,0
HIT01_8,2,5,2,0,1,0,0,1
HIT01_8,2,5,1,0,1,0,0,1
HIT01_8,2,5,3,0,1,0,0,1
HIT01_8,2,4,1,0,1,0,0,1
HIT01_8,2,4,3,0,0,0,1,0
HIT01_8,2,5,2,0,1,0,0,1
HIT01_8,2,3,3,0,1,0,0,1
HIT01_8,2,5,1,0,1,0,0,1
HIT01_8,2,5,1,0,1,0,0,1
HIT01_8,2,5,5,0,1,0,0,1
HIT01_8,2,5,1,0,1,0,0,1
HIT01_8,8,5,1,0,1,0,0,1
HIT01_8,8,4,2,0,1,0,0,1
HIT01_8,8,2,3,0,1,0,0,1
HIT01_8,8,5,2,0,1,0,0,1
HIT01_8,8,4,3,0,1,0,0,1
HIT01_8,8,2,3,0,1,0,0,1
HIT01_8,8,5,1,0,1,0,0,1
HIT01_8,8,5,2,0,1,0,0,1
HIT01_8,8,4,3,0,1,0,0,1
HIT01_8,8,5,1,0,1,0,0,1
HIT01_8,8,4,4,0,1,0,0,1
HIT01_8,8,5,1,0,1,0,0,1
HIT01_8,8,1,5,0,1,0,0,1
HIT01_8,8,4,2,0,1,0,0,1
HIT01_8,8,3,3,0,1,0,0,1
HIT01_8,8,3,3,0,1,0,0,1
HIT01_8,8,4,4,0,0,0,1,0
HIT01_8,8,2,4,0,1,0,0,1
HIT01_8,8,5,2,0,1,0,0,1
HIT01_8,8,5,3,0,1,0,0,1
HIT01_8,4,4,2,0,0,1,0,0
HIT01_8,4,5,1,1,0,0,0,1
HIT01_8,4,5,4,1,0,0,0,1
HIT01_8,4,3,5,1,0,0,0,1
HIT01_8,4,5,1,1,0,0,0,1
HIT01_8,4,5,1,0,0,1,0,0
HIT01_8,4,5,1,1,0,0,0,1
HIT01_8,4,5,1,1,0,0,0,1
HIT01_8,4,4,3,1,0,0,0,1
HIT01_8,4,3,5,0,0,1,0,0
HIT01_8,4,0,5,0,0,0,0,0
HIT01_8,4,5,1,1,0,0,0,1
HIT01_8,4,5,1,1,0,0,0,1
HIT01_8,4,5,3,1,0,0,0,1
HIT01_8,4,4,3,1,0,0,0,1
HIT01_8,4,5,1,1,0,0,0,1
HIT01_8,4,5,1,1,0,0,0,1
HIT01_8,4,5,1,1,0,0,0,1
HIT01_8,4,5,2,1,0,0,0,1
HIT01_8,4,5,4,0,0,1,0,0
HIT01_8,0,4,2,0,1,0,0,1
HIT01_8,0,5,1,0,1,0,0,1
HIT01_8,0,5,2,0,1,0,0,1
HIT01_8,0,1,1,0,1,0,0,1
HIT01_8,0,5,5,0,1,0,0,1
HIT01_8,0,5,1,0,1,0,0,1
HIT01_8,0,4,2,0,1,0,0,1
HIT01_8,0,4,4,0,1,0,0,1
HIT01_8,0,0,4,0,0,0,0,0
HIT01_8,0,0,4,0,0,0,0,0
HIT01_8,0,5,1,0,1,0,0,1
HIT01_8,0,5,1,0,1,0,0,1
HIT01_8,0,5,3,0,1,0,0,1
HIT01_8,0,4,3,0,0,0,1,0
HIT01_8,0,5,1,0,1,0,0,1
HIT01_8,0,5,5,0,1,0,0,1
HIT01_8,0,3,2,0,1,0,0,1
HIT01_8,0,5,2,0,1,0,0,1
HIT01_8,0,5,1,0,1,0,0,1
HIT01_8,0,5,3,0,0,0,1,0
HIT03_6,18,5,1,0,1,0,0,1
HIT03_6,18,3,4,0,0,0,1,0
HIT03_6,18,5,1,0,1,0,0,1
HIT03_6,18,3,4,0,0,0,1,0
HIT03_6,18,5,2,0,1,0,0,1
HIT03_6,18,5,2,0,1,0,0,1
HIT03_6,18,0,5,0,0,0,0,0
HIT03_6,18,0,4,0,0,0,0,0
HIT03_6,18,4,4,0,1,0,0,1
HIT03_6,18,2,5,0,1,0,0,1
HIT03_6,18,3,4,0,0,0,1,0
HIT03_6,18,5,5,0,0,0,1,0
HIT03_6,18,5,2,0,1,0,0,1
HIT03_6,18,2,4,0,1,0,0,1
HIT03_6,18,4,2,0,1,0,0,1
HIT03_6,18,5,5,0,0,0,1,0
HIT03_6,18,5,4,0,1,0,0,1
HIT03_6,18,4,4,0,0,0,1,0
HIT03_6,18,5,1,0,1,0,0,1
HIT03_6,18,4,3,0,1,0,0,1
HIT03_6,17,3,2,0,1,0,0,1
HIT03_6,17,3,4,0,1,0,0,1
HIT03_6,17,5,2,0,1,0,0,1
HIT03_6,17,2,3,0,1,0,0,1
HIT03_6,17,5,2,0,1,0,0,1
HIT03_6,17,3,4,0,1,0,0,1
HIT03_6,17,4,2,0,1,0,0,1
HIT03_6,17,3,3,0,1,0,0,1
HIT03_6,17,2,4,0,0,0,1,0
HIT03_6,17,4,2,0,1,0,0,1
HIT03_6,17,4,4,0,1,0,0,1
HIT03_6,17,5,3,0,1,0,0,1
HIT03_6,17,4,4,0,1,0,0,1
HIT03_6,17,0,3,0,0,0,0,0
HIT03_6,17,4,3,0,1,0,0,1
HIT03_6,17,0,5,0,0,0,0,0
HIT03_6,17,2,5,0,1,0,0,1
HIT03_6,17,4,4,0,1,0,0,1
HIT03_6,17,0,4,0,0,0,0,0
HIT03_6,17,5,1,0,1,0,0,1
HIT03_6,29,5,1,0,1,0,0,1
HIT03_6,29,3,5,0,0,0,1,0
HIT03_6,29,5,2,0,1,0,0,1
HIT03_6,29,0,5,0,0,0,0,0
HIT03_6,29,5,3,0,0,0,1,0
HIT03_6,29,4,3,0,1,0,0,1
HIT03_6,29,0,4,0,0,0,0,0
HIT03_6,29,4,3,0,1,0,0,1
HIT03_6,29,4,3,0,1,0,0,1
HIT03_6,29,0,4,0,0,0,0,0
HIT03_6,29,3,3,0,1,0,0,1
HIT03_6,29,4,4,0,0,0,1,0
HIT03_6,29,2,4,0,0,0,1,0
HIT03_6,29,3,3,0,1,0,0,1
HIT03_6,29,5,5,0,0,0,1,0
HIT03_6,29,3,4,0,1,0,0,1
HIT03_6,29,0,5,0,0,0,0,0
HIT03_6,29,5,1,0,1,0,0,1
HIT03_6,29,3,3,0,1,0,0,1
HIT03_6,29,4,2,0,1,0,0,1
HIT03_6,19,5,1,0,1,0,0,1
HIT03_6,19,4,2,0,1,0,0,1
HIT03_6,19,4,2,0,1,0,0,1
HIT03_6,19,3,2,0,1,0,0,1
HIT03_6,19,4,2,0,1,0,0,1
HIT03_6,19,5,1,0,1,0,0,1
HIT03_6,19,5,5,0,1,0,0,1
HIT03_6,19,3,3,0,1,0,0,1
HIT03_6,19,3,4,0,1,0,0,1
HIT03_6,19,3,3,0,1,0,0,1
HIT03_6,19,4,4,0,1,0,0,1
HIT03_6,19,3,3,0,1,0,0,1
HIT03_6,19,2,2,0,1,0,0,1
HIT03_6,19,5,1,0,1,0,0,1
HIT03_6,19,5,1,0,1,0,0,1
HIT03_6,19,2,3,0,1,0,0,1
HIT03_6,19,5,3,0,1,0,0,1
HIT03_6,19,3,4,0,1,0,0,1
HIT03_6,19,5,2,0,1,0,0,1
HIT03_6,19,3,3,0,0,0,1,0
HIT03_6,28,3,3,0,1,0,0,1
HIT03_6,28,0,3,0,0,0,0,0
HIT03_6,28,2,4,0,1,0,0,1
HIT03_6,28,4,4,0,0,0,1,0
HIT03_6,28,0,3,0,0,0,0,0
HIT03_6,28,4,2,0,1,0,0,1
HIT03_6,28,4,4,0,1,0,0,1
HIT03_6,28,4,2,0,0,0,1,0
HIT03_6,28,3,3,0,0,0,1,0
HIT03_6,28,5,3,0,1,0,0,1
HIT03_6,28,5,5,0,0,0,1,0
HIT03_6,28,0,4,0,0,0,0,0
HIT03_6,28,4,1,0,1,0,0,1
HIT03_6,28,4,5,0,0,0,1,0
HIT03_6,28,1,2,0,1,0,0,1
HIT03_6,28,5,4,0,1,0,0,1
HIT03_6,28,4,2,0,1,0,0,1
HIT03_6,28,3,4,0,1,0,0,1
HIT03_6,28,5,5,0,0,0,1,0
HIT03_6,28,5,5,0,1,0,0,1
HIT01_8,5,1,3,0,1,0,0,1
HIT01_8,5,5,1,0,1,0,0,1
HIT01_8,5,5,1,0,1,0,0,1
HIT01_8,5,5,1,0,1,0,0,1
HIT01_8,5,3,2,0,0,0,1,0
HIT01_8,5,4,2,0,1,0,0,1
HIT01_8,5,5,1,0,1,0,0,1
HIT01_8,5,2,4,0,1,0,0,1
HIT01_8,5,4,3,0,1,0,0,1
HIT01_8,5,4,2,0,1,0,0,1
HIT01_8,5,5,2,0,1,0,0,1
HIT01_8,5,5,4,0,1,0,0,1
HIT01_8,5,4,2,0,1,0,0,1
HIT01_8,5,5,5,0,1,0,0,1
HIT01_8,5,4,3,0,0,0,1,0
HIT01_8,5,5,1,0,1,0,0,1
HIT01_8,5,5,1,0,1,0,0,1
HIT01_8,5,4,5,0,0,0,1,0
HIT01_8,5,4,2,0,1,0,0,1
HIT01_8,5,4,3,0,0,0,1,0
HIT03_6,30,0,5,0,0,0,0,0
HIT03_6,30,3,4,0,0,1,0,0
HIT03_6,30,3,4,1,0,0,0,1
HIT03_6,30,2,4,0,0,1,0,0
HIT03_6,30,4,2,1,0,0,0,1
HIT03_6,30,5,5,1,0,0,0,1
HIT03_6,30,5,3,0,0,1,0,0
HIT03_6,30,2,4,0,0,1,0,0
HIT03_6,30,3,2,0,0,1,0,0
HIT03_6,30,4,3,0,0,1,0,0
HIT03_6,30,3,3,1,0,0,0,1
HIT03_6,30,2,5,1,0,0,0,1
HIT03_6,30,0,3,0,0,0,0,0
HIT03_6,30,3,3,0,0,1,0,0
HIT03_6,30,5,1,0,0,1,0,0
HIT03_6,30,2,5,0,0,1,0,0
HIT03_6,30,5,1,0,0,1,0,0
HIT03_6,30,3,4,1,0,0,0,1
HIT03_6,30,3,3,0,0,1,0,0
HIT03_6,30,0,5,0,0,0,0,0
HIT03_6,22,4,2,0,0,0,1,0
HIT03_6,22,5,4,0,1,0,0,1
HIT03_6,22,4,2,0,0,0,1,0
HIT03_6,22,5,1,0,1,0,0,1
HIT03_6,22,4,3,0,1,0,0,1
HIT03_6,22,4,3,0,0,0,1,0
HIT03_6,22,4,4,0,1,0,0,1
HIT03_6,22,5,1,0,1,0,0,1
HIT03_6,22,5,2,0,0,0,1,0
HIT03_6,22,3,3,0,0,0,1,0
HIT03_6,22,2,3,0,1,0,0,1
HIT03_6,22,5,1,0,1,0,0,1
HIT03_6,22,0,5,0,0,0,0,0
HIT03_6,22,0,5,0,0,0,0,0
HIT03_6,22,4,1,0,1,0,0,1
HIT03_6,22,0,4,0,0,0,0,0
HIT03_6,22,4,4,0,1,0,0,1
HIT03_6,22,2,2,0,1,0,0,1
HIT03_6,22,5,3,0,1,0,0,1
HIT03_6,22,3,3,0,1,0,0,1
HIT01_8,1,4,3,1,0,0,0,1
HIT01_8,1,5,1,0,0,1,0,0
HIT01_8,1,5,2,1,0,0,0,1
HIT01_8,1,5,1,1,0,0,0,1
HIT01_8,1,5,2,1,0,0,0,1
HIT01_8,1,5,1,1,0,0,0,1
HIT01_8,1,4,2,0,0,1,0,0
HIT01_8,1,3,3,1,0,0,0,1
HIT01_8,1,4,3,1,0,0,0,1
HIT01_8,1,4,2,1,0,0,0,1
HIT01_8,1,4,3,1,0,0,0,1
HIT01_8,1,5,5,0,0,1,0,0
HIT01_8,1,4,2,0,0,1,0,0
HIT01_8,1,4,4,0,0,1,0,0
HIT01_8,1,4,4,1,0,0,0,1
HIT01_8,1,5,1,1,0,0,0,1
HIT01_8,1,5,1,1,0,0,0,1
HIT01_8,1,5,4,0,0,1,0,0
HIT01_8,1,4,3,0,0,1,0,0
HIT01_8,1,4,4,0,0,1,0,0
HIT03_6,24,2,4,0,0,0,1,0
HIT03_6,24,3,3,0,0,0,1,0
HIT03_6,24,3,3,0,0,0,1,0
HIT03_6,24,0,1,0,0,0,0,0
HIT03_6,24,3,3,0,0,0,1,0
HIT03_6,24,5,5,0,0,0,1,0
HIT03_6,24,5,3,0,1,0,0,1
HIT03_6,24,2,3,0,0,0,1,0
HIT03_6,24,3,2,0,0,0,1,0
HIT03_6,24,3,3,0,1,0,0,1
HIT03_6,24,3,4,0,1,0,0,1
HIT03_6,24,4,4,0,0,0,1,0
HIT03_6,24,4,2,0,1,0,0,1
HIT03_6,24,5,1,0,1,0,0,1
HIT03_6,24,5,1,0,1,0,0,1
HIT03_6,24,3,5,0,1,0,0,1
HIT03_6,24,5,1,0,1,0,0,1
HIT03_6,24,5,1,0,1,0,0,1
HIT03_6,24,5,5,0,1,0,0,1
HIT03_6,24,5,5,0,1,0,0,1
HIT03_6,23,3,4,0,0,1,0,0
HIT03_6,23,0,5,0,0,0,0,0
HIT03_6,23,3,4,1,0,0,0,1
HIT03_6,23,3,4,1,0,0,0,1
HIT03_6,23,5,2,1,0,0,0,1
HIT03_6,23,0,4,0,0,0,0,0
HIT03_6,23,3,3,0,0,1,0,0
HIT03_6,23,3,4,1,0,0,0,1
HIT03_6,23,0,4,0,0,0,0,0
HIT03_6,23,4,4,1,0,0,0,1
HIT03_6,23,2,4,1,0,0,0,1
HIT03_6,23,4,2,1,0,0,0,1
HIT03_6,23,5,5,1,0,0,0,1
HIT03_6,23,0,4,0,0,0,0,0
HIT03_6,23,4,4,0,0,1,0,0
HIT03_6,23,5,1,1,0,0,0,1
HIT03_6,23,0,3,0,0,0,0,0
HIT03_6,23,0,3,0,0,0,0,0
HIT03_6,23,3,3,1,0,0,0,1
HIT03_6,23,3,4,1,0,0,0,1
HIT03_6,20,5,2,0,0,1,0,0
HIT03_6,20,5,2,0,0,1,0,0
HIT03_6,20,4,3,0,0,1,0,0
HIT03_6,20,4,1,0,0,1,0,0
HIT03_6,20,3,4,1,0,0,0,1
HIT03_6,20,4,3,0,0,1,0,0
HIT03_6,20,4,3,0,0,1,0,0
HIT03_6,20,4,4,0,0,1,0,0
HIT03_6,20,2,4,0,0,1,0,0
HIT03_6,20,0,4,0,0,0,0,0
HIT03_6,20,3,5,1,0,0,0,1
HIT03_6,20,4,4,0,0,1,0,0
HIT03_6,20,4,3,1,0,0,0,1
HIT03_6,20,4,3,1,0,0,0,1
HIT03_6,20,5,2,0,0,1,0,0
HIT03_6,20,5,5,0,0,1,0,0
HIT03_6,20,4,4,0,0,1,0,0
HIT03_6,20,3,3,0,0,1,0,0
HIT03_6,20,3,5,0,0,1,0,0
HIT03_6,20,0,5,0,0,0,0,0
HIT03_6,31,0,5,0,0,0,0,0
HIT03_6,31,5,2,0,0,0,1,0
HIT03_6,31,0,3,0,0,0,0,0
HIT03_6,31,4,1,0,1,0,0,1
HIT03_6,31,1,1,0,1,0,0,1
HIT03_6,31,5,2,0,1,0,0,1
HIT03_6,31,5,2,0,1,0,0,1
HIT03_6,31,4,4,0,0,0,1,0
HIT03_6,31,4,3,0,0,0,1,0
HIT03_6,31,0,5,0,0,0,0,0
HIT03_6,31,4,5,0,1,0,0,1
HIT03_6,31,4,4,0,1,0,0,1
HIT03_6,31,2,4,0,0,0,1,0
HIT03_6,31,4,4,0,1,0,0,1
HIT03_6,31,3,3,0,0,0,1,0
HIT03_6,31,5,5,0,1,0,0,1
HIT03_6,31,3,3,0,0,0,1,0
HIT03_6,31,4,4,0,1,0,0,1
HIT03_6,31,3,4,0,1,0,0,1
HIT03_6,31,3,3,0,1,0,0,1
HIT03_6,21,2,4,0,0,0,1,0
HIT03_6,21,0,5,0,0,0,0,0
HIT03_6,21,4,3,0,1,0,0,1
HIT03_6,21,0,4,0,0,0,0,0
HIT03_6,21,4,1,0,1,0,0,1
HIT03_6,21,5,3,0,1,0,0,1
HIT03_6,21,5,3,0,1,0,0,1
HIT03_6,21,4,3,0,0,0,1,0
HIT03_6,21,4,3,0,1,0,0,1
HIT03_6,21,3,4,0,1,0,0,1
HIT03_6,21,0,3,0,0,0,0,0
HIT03_6,21,5,3,0,1,0,0,1
HIT03_6,21,3,3,0,1,0,0,1
HIT03_6,21,4,4,0,1,0,0,1
HIT03_6,21,5,3,0,1,0,0,1
HIT03_6,21,5,1,0,1,0,0,1
HIT03_6,21,0,3,0,0,0,0,0
HIT03_6,21,4,2,0,1,0,0,1
HIT03_6,21,1,4,0,1,0,0,1
HIT03_6,21,4,3,0,1,0,0,1
HIT03_6,25,5,2,0,0,0,1,0
HIT03_6,25,3,4,0,0,0,1,0
HIT03_6,25,0,4,0,0,0,0,0
HIT03_6,25,5,1,0,1,0,0,1
HIT03_6,25,5,5,0,0,0,1,0
HIT03_6,25,4,2,0,0,0,1,0
HIT03_6,25,5,1,0,0,0,1,0
HIT03_6,25,0,5,0,0,0,0,0
HIT03_6,25,4,4,0,1,0,0,1
HIT03_6,25,0,5,0,0,0,0,0
HIT03_6,25,5,4,0,1,0,0,1
HIT03_6,25,0,5,0,0,0,0,0
HIT03_6,25,5,2,0,0,0,1,0
HIT03_6,25,4,3,0,0,0,1,0
HIT03_6,25,3,3,0,1,0,0,1
HIT03_6,25,5,5,0,1,0,0,1
HIT03_6,25,3,3,0,1,0,0,1
HIT03_6,25,3,3,0,0,0,1,0
HIT03_6,25,3,3,0,1,0,0,1
HIT03_6,25,4,4,0,1,0,0,1
HIT03_6,32,3,4,1,0,0,0,1
HIT03_6,32,4,4,1,0,0,0,1
HIT03_6,32,2,3,1,0,0,0,1
HIT03_6,32,0,4,0,0,0,0,0
HIT03_6,32,5,2,0,0,1,0,0
HIT03_6,32,3,4,0,0,1,0,0
HIT03_6,32,2,3,0,0,1,0,0
HIT03_6,32,3,3,0,0,1,0,0
HIT03_6,32,3,5,1,0,0,0,1
HIT03_6,32,5,4,1,0,0,0,1
HIT03_6,32,3,4,0,0,1,0,0
HIT03_6,32,3,4,1,0,0,0,1
HIT03_6,32,2,4,1,0,0,0,1
HIT03_6,32,5,4,0,0,1,0,0
HIT03_6,32,4,3,0,0,1,0,0
HIT03_6,32,0,5,0,0,0,0,0
HIT03_6,32,3,3,1,0,0,0,1
HIT03_6,32,3,5,1,0,0,0,1
HIT03_6,32,2,5,1,0,0,0,1
HIT03_6,32,2,5,0,0,1,0,0
HIT03_6,26,2,4,0,1,0,0,1
HIT03_6,26,5,2,0,1,0,0,1
HIT03_6,26,4,3,0,0,0,1,0
HIT03_6,26,5,1,0,1,0,0,1
HIT03_6,26,0,4,0,0,0,0,0
HIT03_6,26,4,3,0,0,0,1,0
HIT03_6,26,3,3,0,0,0,1,0
HIT03_6,26,4,4,0,0,0,1,0
HIT03_6,26,5,4,0,1,0,0,1
HIT03_6,26,4,4,0,0,0,1,0
HIT03_6,26,3,4,0,1,0,0,1
HIT03_6,26,3,2,0,1,0,0,1
HIT03_6,26,4,4,0,1,0,0,1
HIT03_6,26,3,4,0,1,0,0,1
HIT03_6,26,0,3,0,0,0,0,0
HIT03_6,26,4,3,0,1,0,0,1
HIT03_6,26,3,4,0,1,0,0,1
HIT03_6,26,2,4,0,1,0,0,1
HIT03_6,26,3,3,0,1,0,0,1
HIT03_6,26,0,4,0,0,0,0,0
HIT03_6,16,4,2,0,1,0,0,1
HIT03_6,16,5,2,0,1,0,0,1
HIT03_6,16,5,2,0,0,0,1,0
HIT03_6,16,4,3,0,1,0,0,1
HIT03_6,16,0,5,0,0,0,0,0
HIT03_6,16,1,5,0,1,0,0,1
HIT03_6,16,0,4,0,0,0,0,0
HIT03_6,16,4,3,0,1,0,0,1
HIT03_6,16,1,3,0,1,0,0,1
HIT03_6,16,5,5,0,1,0,0,1
HIT03_6,16,5,2,0,1,0,0,1
HIT03_6,16,0,4,0,0,0,0,0
HIT03_6,16,0,4,0,0,0,0,0
HIT03_6,16,0,4,0,0,0,0,0
HIT03_6,16,3,3,0,1,0,0,1
HIT03_6,16,3,3,0,1,0,0,1
HIT03_6,16,5,5,0,1,0,0,1
HIT03_6,16,3,3,0,1,0,0,1
HIT03_6,16,5,5,0,1,0,0,1
HIT03_6,16,3,3,0,1,0,0,1
HIT03_6,27,3,3,0,1,0,0,1
HIT03_6,27,0,5,0,0,0,0,0
HIT03_6,27,4,2,0,0,0,1,0
HIT03_6,27,5,1,0,0,0,1,0
HIT03_6,27,0,5,0,0,0,0,0
HIT03_6,27,1,5,0,1,0,0,1
HIT03_6,27,0,4,0,0,0,0,0
HIT03_6,27,3,3,0,1,0,0,1
HIT03_6,27,0,3,0,0,0,0,0
HIT03_6,27,5,3,0,1,0,0,1
HIT03_6,27,5,2,0,1,0,0,1
HIT03_6,27,0,4,0,0,0,0,0
HIT03_6,27,3,3,0,1,0,0,1
HIT03_6,27,0,4,0,0,0,0,0
HIT03_6,27,0,4,0,0,0,0,0
HIT03_6,27,5,5,0,0,0,1,0
HIT03_6,27,3,4,0,1,0,0,1
HIT03_6,27,4,2,0,1,0,0,1
HIT03_6,27,3,3,0,1,0,0,1
HIT03_6,27,4,3,0,0,0,1,0
HIT04_7,59,1,5,1,0,0,0,1
HIT04_7,59,3,4,0,0,1,0,0
HIT04_7,59,0,5,0,0,0,0,0
HIT04_7,59,3,4,0,0,1,0,0
HIT04_7,59,4,3,0,0,1,0,0
HIT04_7,59,0,3,0,0,0,0,0
HIT04_7,59,2,4,1,0,0,0,1
HIT04_7,59,5,3,1,0,0,0,1
HIT04_7,59,0,5,0,0,0,0,0
HIT04_7,59,3,3,0,0,1,0,0
HIT04_7,59,3,5,1,0,0,0,1
HIT04_7,59,4,4,1,0,0,0,1
HIT04_7,59,4,4,0,0,1,0,0
HIT04_7,59,5,3,0,0,1,0,0
HIT04_7,59,3,3,0,0,1,0,0
HIT04_7,59,4,2,0,0,1,0,0
HIT04_7,59,0,3,0,0,0,0,0
HIT04_7,59,0,3,0,0,0,0,0
HIT04_7,59,4,2,1,0,0,0,1
HIT04_7,59,5,5,1,0,0,0,1
HIT04_7,46,4,4,0,1,0,0,1
HIT04_7,46,3,4,0,1,0,0,1
HIT04_7,46,3,3,0,1,0,0,1
HIT04_7,46,4,3,0,1,0,0,1
HIT04_7,46,0,3,0,0,0,0,0
HIT04_7,46,2,4,0,1,0,0,1
HIT04_7,46,5,3,0,1,0,0,1
HIT04_7,46,0,5,0,0,0,0,0
HIT04_7,46,3,3,0,1,0,0,1
HIT04_7,46,3,5,0,1,0,0,1
HIT04_7,46,4,4,0,0,0,1,0
HIT04_7,46,4,3,0,1,0,0,1
HIT04_7,46,5,2,0,1,0,0,1
HIT04_7,46,4,2,0,0,0,1,0
HIT04_7,46,4,3,0,1,0,0,1
HIT04_7,46,0,3,0,0,0,0,0
HIT04_7,46,0,3,0,0,0,0,0
HIT04_7,46,2,3,0,1,0,0,1
HIT04_7,46,5,3,0,1,0,0,1
HIT04_7,46,3,3,0,1,0,0,1
HIT04_7,61,1,5,0,0,0,1,0
HIT04_7,61,5,4,0,1,0,0,1
HIT04_7,61,3,4,0,1,0,0,1
HIT04_7,61,0,5,0,0,0,0,0
HIT04_7,61,1,5,0,0,0,1,0
HIT04_7,61,4,3,0,0,0,1,0
HIT04_7,61,3,3,0,1,0,0,1
HIT04_7,61,4,5,0,1,0,0,1
HIT04_7,61,4,2,0,1,0,0,1
HIT04_7,61,2,5,0,1,0,0,1
HIT04_7,61,1,5,0,1,0,0,1
HIT04_7,61,4,3,0,1,0,0,1
HIT04_7,61,3,4,0,1,0,0,1
HIT04_7,61,5,1,0,0,0,1,0
HIT04_7,61,3,4,0,1,0,0,1
HIT04_7,61,0,5,0,0,0,0,0
HIT04_7,61,0,5,0,0,0,0,0
HIT04_7,61,0,4,0,0,0,0,0
HIT04_7,61,4,3,0,0,0,1,0
HIT04_7,61,4,4,0,1,0,0,1
HIT04_7,62,4,2,0,1,0,0,1
HIT04_7,62,3,3,0,0,0,1,0
HIT04_7,62,4,4,0,1,0,0,1
HIT04_7,62,3,4,0,1,0,0,1
HIT04_7,62,0,4,0,0,0,0,0
HIT04_7,62,3,5,0,1,0,0,1
HIT04_7,62,5,3,0,0,0,1,0
HIT04_7,62,5,1,0,1,0,0,1
HIT04_7,62,3,5,0,0,0,1,0
HIT04_7,62,4,4,0,1,0,0,1
HIT04_7,62,3,3,0,1,0,0,1
HIT04_7,62,0,4,0,0,0,0,0
HIT04_7,62,0,5,0,0,0,0,0
HIT04_7,62,4,3,0,1,0,0,1
HIT04_7,62,0,4,0,0,0,0,0
HIT04_7,62,5,4,0,1,0,0,1
HIT04_7,62,1,5,0,1,0,0,1
HIT04_7,62,4,3,0,1,0,0,1
HIT04_7,62,5,3,0,1,0,0,1
HIT04_7,62,0,3,0,0,0,0,0
HIT04_7,33,2,2,0,1,0,0,1
HIT04_7,33,0,4,0,0,0,0,0
HIT04_7,33,5,1,0,1,0,0,1
HIT04_7,33,0,3,0,0,0,0,0
HIT04_7,33,4,3,0,1,0,0,1
HIT04_7,33,4,2,0,1,0,0,1
HIT04_7,33,5,1,0,1,0,0,1
HIT04_7,33,3,3,0,1,0,0,1
HIT04_7,33,4,2,0,1,0,0,1
HIT04_7,33,5,5,0,1,0,0,1
HIT04_7,33,4,4,0,1,0,0,1
HIT04_7,33,3,2,0,1,0,0,1
HIT04_7,33,5,1,0,1,0,0,1
HIT04_7,33,4,3,0,0,0,1,0
HIT04_7,33,4,3,0,1,0,0,1
HIT04_7,33,3,3,0,0,0,1,0
HIT04_7,33,0,3,0,0,0,0,0
HIT04_7,33,4,1,0,1,0,0,1
HIT04_7,33,5,4,0,0,0,1,0
HIT04_7,33,0,5,0,0,0,0,0
HIT04_7,48,0,3,0,0,0,0,0
HIT04_7,48,4,4,0,1,0,0,1
HIT04_7,48,3,3,0,1,0,0,1
HIT04_7,48,4,4,0,1,0,0,1
HIT04_7,48,1,5,0,1,0,0,1
HIT04_7,48,0,4,0,0,0,0,0
HIT04_7,48,2,4,0,1,0,0,1
HIT04_7,48,1,5,0,1,0,0,1
HIT04_7,48,3,4,0,1,0,0,1
HIT04_7,48,2,5,0,0,0,1,0
HIT04_7,48,0,5,0,0,0,0,0
HIT04_7,48,4,4,0,0,0,1,0
HIT04_7,48,3,4,0,1,0,0,1
HIT04_7,48,3,3,0,1,0,0,1
HIT04_7,48,2,4,0,0,0,1,0
HIT04_7,48,4,3,0,1,0,0,1
HIT04_7,48,5,5,0,1,0,0,1
HIT04_7,48,3,3,0,1,0,0,1
HIT04_7,48,4,2,0,0,0,1,0
HIT04_7,48,5,1,0,1,0,0,1
HIT04_7,49,3,2,0,1,0,0,1
HIT04_7,49,1,5,0,0,0,1,0
HIT04_7,49,4,5,0,0,0,1,0
HIT04_7,49,3,3,0,1,0,0,1
HIT04_7,49,5,2,0,0,0,1,0
HIT04_7,49,0,5,0,0,0,0,0
HIT04_7,49,5,3,0,0,0,1,0
HIT04_7,49,5,1,0,1,0,0,1
HIT04_7,49,3,5,0,0,0,1,0
HIT04_7,49,4,4,0,1,0,0,1
HIT04_7,49,3,3,0,1,0,0,1
HIT04_7,49,3,2,0,1,0,0,1
HIT04_7,49,4,5,0,1,0,0,1
HIT04_7,49,4,4,0,1,0,0,1
HIT04_7,49,5,2,0,0,0,1,0
HIT04_7,49,4,2,0,0,0,1,0
HIT04_7,49,4,3,0,1,0,0,1
HIT04_7,49,4,5,0,0,0,1,0
HIT04_7,49,2,1,0,1,0,0,1
HIT04_7,49,4,3,0,1,0,0,1
HIT04_7,36,4,2,0,1,0,0,1
HIT04_7,36,5,5,0,1,0,0,1
HIT04_7,36,3,3,0,1,0,0,1
HIT04_7,36,3,3,0,0,0,1,0
HIT04_7,36,5,4,0,0,0,1,0
HIT04_7,36,0,5,0,0,0,0,0
HIT04_7,36,5,3,0,0,0,1,0
HIT04_7,36,5,1,0,1,0,0,1
HIT04_7,36,3,4,0,0,0,1,0
HIT04_7,36,4,5,0,1,0,0,1
HIT04_7,36,3,2,0,1,0,0,1
HIT04_7,36,4,3,0,1,0,0,1
HIT04_7,36,5,4,0,1,0,0,1
HIT04_7,36,4,3,0,1,0,0,1
HIT04_7,36,5,2,0,1,0,0,1
HIT04_7,36,5,1,0,1,0,0,1
HIT04_7,36,2,3,0,1,0,0,1
HIT04_7,36,5,3,0,1,0,0,1
HIT04_7,36,5,4,0,1,0,0,1
HIT04_7,36,5,2,0,1,0,0,1
HIT04_7,35,4,2,0,1,0,0,1
HIT04_7,35,4,4,0,1,0,0,1
HIT04_7,35,4,4,0,0,0,1,0
HIT04_7,35,0,5,0,0,0,0,0
HIT04_7,35,1,5,0,1,0,0,1
HIT04_7,35,0,5,0,0,0,0,0
HIT04_7,35,1,1,0,1,0,0,1
HIT04_7,35,0,5,0,0,0,0,0
HIT04_7,35,4,4,0,1,0,0,1
HIT04_7,35,0,5,0,0,0,0,0
HIT04_7,35,3,2,0,1,0,0,1
HIT04_7,35,4,3,0,1,0,0,1
HIT04_7,35,3,3,0,1,0,0,1
HIT04_7,35,3,3,0,1,0,0,1
HIT04_7,35,5,3,0,1,0,0,1
HIT04_7,35,3,3,0,1,0,0,1
HIT04_7,35,5,1,0,1,0,0,1
HIT04_7,35,3,4,0,1,0,0,1
HIT04_7,35,4,3,0,1,0,0,1
HIT04_7,35,3,3,0,1,0,0,1
HIT04_7,64,4,4,0,1,0,0,1
HIT04_7,64,2,4,0,1,0,0,1
HIT04_7,64,0,5,0,0,0,0,0
HIT04_7,64,3,4,0,1,0,0,1
HIT04_7,64,0,5,0,0,0,0,0
HIT04_7,64,0,5,0,0,0,0,0
HIT04_7,64,2,3,0,0,0,1,0
HIT04_7,64,3,4,0,1,0,0,1
HIT04_7,64,0,5,0,0,0,0,0
HIT04_7,64,5,3,0,0,0,1,0
HIT04_7,64,3,5,0,0,0,1,0
HIT04_7,64,4,3,0,0,0,1,0
HIT04_7,64,0,5,0,0,0,0,0
HIT04_7,64,0,5,0,0,0,0,0
HIT04_7,64,0,4,0,0,0,0,0
HIT04_7,64,5,5,0,1,0,0,1
HIT04_7,64,0,4,0,0,0,0,0
HIT04_7,64,4,4,0,1,0,0,1
HIT04_7,64,0,4,0,0,0,0,0
HIT04_7,64,4,3,0,1,0,0,1
HIT04_7,63,3,4,0,1,0,0,1
HIT04_7,63,0,4,0,0,0,0,0
HIT04_7,63,4,2,0,1,0,0,1
HIT04_7,63,3,4,0,1,0,0,1
HIT04_7,63,3,3,0,1,0,0,1
HIT04_7,63,4,3,0,1,0,0,1
HIT04_7,63,4,3,0,0,0,1,0
HIT04_7,63,4,4,0,0,0,1,0
HIT04_7,63,0,5,0,0,0,0,0
HIT04_7,63,5,4,0,1,0,0,1
HIT04_7,63,5,3,0,1,0,0,1
HIT04_7,63,0,5,0,0,0,0,0
HIT04_7,63,4,3,0,1,0,0,1
HIT04_7,63,4,3,0,1,0,0,1
HIT04_7,63,4,3,0,0,0,1,0
HIT04_7,63,4,3,0,0,0,1,0
HIT04_7,63,4,2,0,1,0,0,1
HIT04_7,63,0,5,0,0,0,0,0
HIT04_7,63,2,2,0,1,0,0,1
HIT04_7,63,4,5,0,1,0,0,1
HIT04_7,67,2,4,0,1,0,0,1
HIT04_7,67,3,4,0,1,0,0,1
HIT04_7,67,4,3,0,0,0,1,0
HIT04_7,67,0,4,0,0,0,0,0
HIT04_7,67,3,4,0,1,0,0,1
HIT04_7,67,3,4,0,1,0,0,1
HIT04_7,67,5,3,0,1,0,0,1
HIT04_7,67,3,4,0,1,0,0,1
HIT04_7,67,3,3,0,1,0,0,1
HIT04_7,67,0,4,0,0,0,0,0
HIT04_7,67,5,2,0,1,0,0,1
HIT04_7,67,4,4,0,1,0,0,1
HIT04_7,67,5,2,0,1,0,0,1
HIT04_7,67,3,5,0,0,0,1,0
HIT04_7,67,2,2,0,1,0,0,1
HIT04_7,67,5,1,0,1,0,0,1
HIT04_7,67,4,2,0,1,0,0,1
HIT04_7,67,2,4,0,1,0,0,1
HIT04_7,67,4,2,0,1,0,0,1
HIT04_7,67,4,4,0,0,0,1,0
HIT04_7,54,4,3,0,1,0,0,1
HIT04_7,54,4,5,0,1,0,0,1
HIT04_7,54,3,3,0,1,0,0,1
HIT04_7,54,1,2,0,1,0,0,1
HIT04_7,54,0,4,0,0,0,0,0
HIT04_7,54,5,4,0,1,0,0,1
HIT04_7,54,4,4,0,1,0,0,1
HIT04_7,54,4,3,0,1,0,0,1
HIT04_7,54,0,5,0,0,0,0,0
HIT04_7,54,3,3,0,1,0,0,1
HIT04_7,54,4,3,0,1,0,0,1
HIT04_7,54,5,1,0,0,0,1,0
HIT04_7,54,1,2,0,1,0,0,1
HIT04_7,54,4,2,0,1,0,0,1
HIT04_7,54,5,1,0,0,0,1,0
HIT04_7,54,5,1,0,1,0,0,1
HIT04_7,54,4,3,0,0,0,1,0
HIT04_7,54,3,3,0,1,0,0,1
HIT04_7,54,4,2,0,0,0,1,0
HIT04_7,54,3,3,0,1,0,0,1
HIT04_7,51,5,2,0,1,0,0,1
HIT04_7,51,2,2,0,1,0,0,1
HIT04_7,51,4,3,0,0,0,1,0
HIT04_7,51,3,3,0,1,0,0,1
HIT04_7,51,3,4,0,1,0,0,1
HIT04_7,51,4,3,0,1,0,0,1
HIT04_7,51,5,2,0,1,0,0,1
HIT04_7,51,1,5,0,0,0,1,0
HIT04_7,51,5,2,0,1,0,0,1
HIT04_7,51,5,2,0,1,0,0,1
HIT04_7,51,3,3,0,0,0,1,0
HIT04_7,51,0,5,0,0,0,0,0
HIT04_7,51,0,5,0,0,0,0,0
HIT04_7,51,5,2,0,1,0,0,1
HIT04_7,51,5,5,0,1,0,0,1
HIT04_7,51,0,4,0,0,0,0,0
HIT04_7,51,5,2,0,1,0,0,1
HIT04_7,51,4,1,0,1,0,0,1
HIT04_7,51,0,4,0,0,0,0,0
HIT04_7,51,3,3,0,0,0,1,0
HIT04_7,41,2,5,0,0,0,1,0
HIT04_7,41,0,5,0,0,0,0,0
HIT04_7,41,0,5,0,0,0,0,0
HIT04_7,41,0,2,0,0,0,0,0
HIT04_7,41,2,4,0,1,0,0,1
HIT04_7,41,5,3,0,1,0,0,1
HIT04_7,41,4,4,0,1,0,0,1
HIT04_7,41,0,5,0,0,0,0,0
HIT04_7,41,4,4,0,1,0,0,1
HIT04_7,41,0,5,0,0,0,0,0
HIT04_7,41,4,3,0,1,0,0,1
HIT04_7,41,5,1,0,1,0,0,1
HIT04_7,41,5,1,0,1,0,0,1
HIT04_7,41,5,1,0,1,0,0,1
HIT04_7,41,5,1,0,1,0,0,1
HIT04_7,41,4,2,0,1,0,0,1
HIT04_7,41,2,4,0,1,0,0,1
HIT04_7,41,3,3,0,1,0,0,1
HIT04_7,41,5,1,0,1,0,0,1
HIT04_7,41,5,2,0,1,0,0,1
HIT04_7,50,2,4,0,1,0,0,1
HIT04_7,50,4,2,0,1,0,0,1
HIT04_7,50,3,4,0,1,0,0,1
HIT04_7,50,4,2,0,1,0,0,1
HIT04_7,50,3,4,0,0,0,1,0
HIT04_7,50,4,4,0,0,0,1,0
HIT04_7,50,2,4,0,0,0,1,0
HIT04_7,50,5,4,0,1,0,0,1
HIT04_7,50,3,4,0,1,0,0,1
HIT04_7,50,4,2,0,1,0,0,1
HIT04_7,50,4,3,0,1,0,0,1
HIT04_7,50,3,3,0,1,0,0,1
HIT04_7,50,4,3,0,0,0,1,0
HIT04_7,50,1,4,0,1,0,0,1
HIT04_7,50,5,3,0,1,0,0,1
HIT04_7,50,3,5,0,1,0,0,1
HIT04_7,50,2,4,0,1,0,0,1
HIT04_7,50,0,4,0,0,0,0,0
HIT04_7,50,4,2,0,1,0,0,1
HIT04_7,50,4,3,0,1,0,0,1
HIT04_7,38,0,2,0,0,0,0,0
HIT04_7,38,3,3,0,1,0,0,1
HIT04_7,38,2,4,0,1,0,0,1
HIT04_7,38,3,4,0,1,0,0,1
HIT04_7,38,2,4,0,0,0,1,0
HIT04_7,38,4,2,0,1,0,0,1
HIT04_7,38,0,5,0,0,0,0,0
HIT04_7,38,5,3,0,1,0,0,1
HIT04_7,38,2,5,0,0,0,1,0
HIT04_7,38,3,3,0,0,0,1,0
HIT04_7,38,2,4,0,0,0,1,0
HIT04_7,38,0,5,0,0,0,0,0
HIT04_7,38,2,2,0,1,0,0,1
HIT04_7,38,5,5,0,1,0,0,1
HIT04_7,38,0,3,0,0,0,0,0
HIT04_7,38,3,2,0,1,0,0,1
HIT04_7,38,0,5,0,0,0,0,0
HIT04_7,38,5,3,0,1,0,0,1
HIT04_7,38,4,5,0,1,0,0,1
HIT04_7,38,1,4,0,0,0,1,0
HIT04_7,66,3,4,0,1,0,0,1
HIT04_7,66,3,3,0,1,0,0,1
HIT04_7,66,5,4,0,1,0,0,1
HIT04_7,66,2,5,0,1,0,0,1
HIT04_7,66,4,4,0,0,0,1,0
HIT04_7,66,3,4,0,1,0,0,1
HIT04_7,66,0,4,0,0,0,0,0
HIT04_7,66,3,3,0,1,0,0,1
HIT04_7,66,5,3,0,1,0,0,1
HIT04_7,66,4,4,0,1,0,0,1
HIT04_7,66,5,2,0,1,0,0,1
HIT04_7,66,0,4,0,0,0,0,0
HIT04_7,66,4,2,0,1,0,0,1
HIT04_7,66,2,4,0,1,0,0,1
HIT04_7,66,4,2,0,1,0,0,1
HIT04_7,66,4,4,0,0,0,1,0
HIT04_7,66,3,5,0,1,0,0,1
HIT04_7,66,0,5,0,0,0,0,0
HIT04_7,66,5,2,0,1,0,0,1
HIT04_7,66,4,3,0,0,0,1,0
HIT04_7,57,4,3,0,0,1,0,0
HIT04_7,57,4,4,1,0,0,0,1
HIT04_7,57,3,4,0,0,1,0,0
HIT04_7,57,4,3,0,0,1,0,0
HIT04_7,57,5,2,0,0,1,0,0
HIT04_7,57,4,4,1,0,0,0,1
HIT04_7,57,5,2,1,0,0,0,1
HIT04_7,57,4,4,1,0,0,0,1
HIT04_7,57,0,5,0,0,0,0,0
HIT04_7,57,0,4,0,0,0,0,0
HIT04_7,57,0,4,0,0,0,0,0
HIT04_7,57,4,3,1,0,0,0,1
HIT04_7,57,4,4,0,0,1,0,0
HIT04_7,57,0,2,0,0,0,0,0
HIT04_7,57,3,4,1,0,0,0,1
HIT04_7,57,3,4,1,0,0,0,1
HIT04_7,57,0,4,0,0,0,0,0
HIT04_7,57,5,2,1,0,0,0,1
HIT04_7,57,4,4,1,0,0,0,1
HIT04_7,57,5,1,1,0,0,0,1
HIT04_7,37,4,2,0,1,0,0,1
HIT04_7,37,4,2,0,1,0,0,1
HIT04_7,37,3,4,0,1,0,0,1
HIT04_7,37,4,3,0,1,0,0,1
HIT04_7,37,5,2,0,0,0,1,0
HIT04_7,37,3,3,0,1,0,0,1
HIT04_7,37,3,4,0,1,0,0,1
HIT04_7,37,5,4,0,1,0,0,1
HIT04_7,37,5,3,0,1,0,0,1
HIT04_7,37,3,3,0,1,0,0,1
HIT04_7,37,4,3,0,1,0,0,1
HIT04_7,37,3,3,0,1,0,0,1
HIT04_7,37,0,3,0,0,0,0,0
HIT04_7,37,5,2,0,1,0,0,1
HIT04_7,37,5,4,0,0,0,1,0
HIT04_7,37,0,2,0,0,0,0,0
HIT04_7,37,2,1,0,1,0,0,1
HIT04_7,37,4,3,0,1,0,0,1
HIT04_7,37,1,5,0,1,0,0,1
HIT04_7,37,0,5,0,0,0,0,0
HIT04_7,44,0,5,0,0,0,0,0
HIT04_7,44,4,2,0,1,0,0,1
HIT04_7,44,5,2,0,1,0,0,1
HIT04_7,44,5,2,0,1,0,0,1
HIT04_7,44,4,3,0,1,0,0,1
HIT04_7,44,5,2,0,1,0,0,1
HIT04_7,44,4,2,0,1,0,0,1
HIT04_7,44,4,3,0,1,0,0,1
HIT04_7,44,2,5,0,1,0,0,1
HIT04_7,44,0,4,0,0,0,0,0
HIT04_7,44,4,2,0,1,0,0,1
HIT04_7,44,4,1,0,1,0,0,1
HIT04_7,44,4,5,0,0,0,1,0
HIT04_7,44,0,2,0,0,0,0,0
HIT04_7,44,3,2,0,0,0,1,0
HIT04_7,44,3,4,0,0,0,1,0
HIT04_7,44,5,3,0,0,0,1,0
HIT04_7,44,4,3,0,0,0,1,0
HIT04_7,44,3,3,0,0,0,1,0
HIT04_7,44,4,4,0,1,0,0,1
HIT04_7,53,3,3,0,0,0,1,0
HIT04_7,53,4,2,0,1,0,0,1
HIT04_7,53,5,4,0,1,0,0,1
HIT04_7,53,2,5,0,0,0,1,0
HIT04_7,53,3,4,0,1,0,0,1
HIT04_7,53,3,3,0,0,0,1,0
HIT04_7,53,5,1,0,0,0,1,0
HIT04_7,53,4,3,0,1,0,0,1
HIT04_7,53,5,2,0,1,0,0,1
HIT04_7,53,3,3,0,1,0,0,1
HIT04_7,53,5,1,0,1,0,0,1
HIT04_7,53,2,4,0,1,0,0,1
HIT04_7,53,4,2,0,0,0,1,0
HIT04_7,53,4,4,0,1,0,0,1
HIT04_7,53,4,2,0,1,0,0,1
HIT04_7,53,2,3,0,0,0,1,0
HIT04_7,53,0,5,0,0,0,0,0
HIT04_7,53,5,1,0,1,0,0,1
HIT04_7,53,4,5,0,0,0,1,0
HIT04_7,53,3,3,0,1,0,0,1
HIT04_7,69,3,3,0,1,0,0,1
HIT04_7,69,4,4,0,0,0,1,0
HIT04_7,69,3,5,0,1,0,0,1
HIT04_7,69,4,3,0,1,0,0,1
HIT04_7,69,4,3,0,1,0,0,1
HIT04_7,69,0,4,0,0,0,0,0
HIT04_7,69,3,4,0,1,0,0,1
HIT04_7,69,2,4,0,0,0,1,0
HIT04_7,69,4,2,0,1,0,0,1
HIT04_7,69,5,1,0,1,0,0,1
HIT04_7,69,0,2,0,0,0,0,0
HIT04_7,69,3,3,0,0,0,1,0
HIT04_7,69,0,3,0,0,0,0,0
HIT04_7,69,5,4,0,1,0,0,1
HIT04_7,69,4,2,0,1,0,0,1
HIT04_7,69,5,4,0,0,0,1,0
HIT04_7,69,4,2,0,1,0,0,1
HIT04_7,69,5,2,0,1,0,0,1
HIT04_7,69,3,3,0,1,0,0,1
HIT04_7,69,1,5,0,1,0,0,1
HIT04_7,58,4,3,0,0,1,0,0
HIT04_7,58,4,3,0,0,1,0,0
HIT04_7,58,0,4,0,0,0,0,0
HIT04_7,58,5,3,1,0,0,0,1
HIT04_7,58,3,4,1,0,0,0,1
HIT04_7,58,3,3,1,0,0,0,1
HIT04_7,58,4,3,1,0,0,0,1
HIT04_7,58,4,3,1,0,0,0,1
HIT04_7,58,4,5,1,0,0,0,1
HIT04_7,58,4,2,0,0,1,0,0
HIT04_7,58,4,3,0,0,1,0,0
HIT04_7,58,0,5,0,0,0,0,0
HIT04_7,58,4,2,1,0,0,0,1
HIT04_7,58,2,2,1,0,0,0,1
HIT04_7,58,4,3,0,0,1,0,0
HIT04_7,58,4,3,1,0,0,0,1
HIT04_7,58,4,4,1,0,0,0,1
HIT04_7,58,5,3,0,0,1,0,0
HIT04_7,58,4,4,0,0,1,0,0
HIT04_7,58,3,3,0,0,1,0,0
HIT04_7,68,4,2,0,1,0,0,1
HIT04_7,68,0,4,0,0,0,0,0
HIT04_7,68,5,1,0,1,0,0,1
HIT04_7,68,4,2,0,1,0,0,1
HIT04_7,68,3,2,0,1,0,0,1
HIT04_7,68,5,2,0,1,0,0,1
HIT04_7,68,4,3,0,1,0,0,1
HIT04_7,68,0,5,0,0,0,0,0
HIT04_7,68,5,4,0,0,0,1,0
HIT04_7,68,5,1,0,1,0,0,1
HIT04_7,68,4,2,0,1,0,0,1
HIT04_7,68,0,5,0,0,0,0,0
HIT04_7,68,0,5,0,0,0,0,0
HIT04_7,68,0,5,0,0,0,0,0
HIT04_7,68,0,5,0,0,0,0,0
HIT04_7,68,3,4,0,0,0,1,0
HIT04_7,68,0,4,0,0,0,0,0
HIT04_7,68,4,5,0,0,0,1,0
HIT04_7,68,4,2,0,1,0,0,1
HIT04_7,68,3,3,0,1,0,0,1
HIT04_7,40,3,3,0,1,0,0,1
HIT04_7,40,3,3,0,1,0,0,1
HIT04_7,40,5,5,0,0,0,1,0
HIT04_7,40,0,5,0,0,0,0,0
HIT04_7,40,2,5,0,0,0,1,0
HIT04_7,40,3,5,0,0,0,1,0
HIT04_7,40,4,4,0,0,0,1,0
HIT04_7,40,4,4,0,1,0,0,1
HIT04_7,40,5,2,0,1,0,0,1
HIT04_7,40,4,2,0,1,0,0,1
HIT04_7,40,5,1,0,1,0,0,1
HIT04_7,40,3,4,0,1,0,0,1
HIT04_7,40,4,2,0,1,0,0,1
HIT04_7,40,3,3,0,1,0,0,1
HIT04_7,40,3,3,0,1,0,0,1
HIT04_7,40,0,4,0,0,0,0,0
HIT04_7,40,4,2,0,1,0,0,1
HIT04_7,40,2,5,0,0,0,1,0
HIT04_7,40,0,5,0,0,0,0,0
HIT04_7,40,4,4,0,0,0,1,0
HIT04_7,45,3,3,0,1,0,0,1
HIT04_7,45,4,4,0,1,0,0,1
HIT04_7,45,0,4,0,0,0,0,0
HIT04_7,45,5,2,0,1,0,0,1
HIT04_7,45,5,1,0,1,0,0,1
HIT04_7,45,3,3,0,0,0,1,0
HIT04_7,45,0,3,0,0,0,0,0
HIT04_7,45,4,4,0,1,0,0,1
HIT04_7,45,4,2,0,1,0,0,1
HIT04_7,45,4,2,0,1,0,0,1
HIT04_7,45,4,2,0,1,0,0,1
HIT04_7,45,3,3,0,1,0,0,1
HIT04_7,45,3,4,0,0,0,1,0
HIT04_7,45,4,2,0,1,0,0,1
HIT04_7,45,5,1,0,1,0,0,1
HIT04_7,45,4,1,0,0,0,1,0
HIT04_7,45,4,3,0,0,0,1,0
HIT04_7,45,1,5,0,1,0,0,1
HIT04_7,45,3,3,0,1,0,0,1
HIT04_7,45,5,2,0,1,0,0,1
HIT04_7,56,0,5,0,0,0,0,0
HIT04_7,56,1,5,1,0,0,0,1
HIT04_7,56,3,3,1,0,0,0,1
HIT04_7,56,2,5,1,0,0,0,1
HIT04_7,56,5,2,0,0,1,0,0
HIT04_7,56,3,4,1,0,0,0,1
HIT04_7,56,3,5,1,0,0,0,1
HIT04_7,56,4,3,1,0,0,0,1
HIT04_7,56,0,5,0,0,0,0,0
HIT04_7,56,0,2,0,0,0,0,0
HIT04_7,56,3,3,1,0,0,0,1
HIT04_7,56,0,5,0,0,0,0,0
HIT04_7,56,3,5,0,0,1,0,0
HIT04_7,56,3,2,0,0,1,0,0
HIT04_7,56,1,3,1,0,0,0,1
HIT04_7,56,4,1,1,0,0,0,1
HIT04_7,56,2,3,1,0,0,0,1
HIT04_7,56,0,5,0,0,0,0,0
HIT04_7,56,0,5,0,0,0,0,0
HIT04_7,56,0,5,0,0,0,0,0
HIT04_7,43,2,5,0,1,0,0,1
HIT04_7,43,3,4,0,1,0,0,1
HIT04_7,43,4,3,0,1,0,0,1
HIT04_7,43,1,3,0,1,0,0,1
HIT04_7,43,4,3,0,0,0,1,0
HIT04_7,43,4,2,0,1,0,0,1
HIT04_7,43,3,5,0,0,0,1,0
HIT04_7,43,1,2,0,1,0,0,1
HIT04_7,43,0,5,0,0,0,0,0
HIT04_7,43,0,5,0,0,0,0,0
HIT04_7,43,3,3,0,1,0,0,1
HIT04_7,43,1,4,0,1,0,0,1
HIT04_7,43,3,5,0,0,0,1,0
HIT04_7,43,4,3,0,1,0,0,1
HIT04_7,43,5,1,0,1,0,0,1
HIT04_7,43,3,4,0,0,0,1,0
HIT04_7,43,5,2,0,1,0,0,1
HIT04_7,43,3,3,0,1,0,0,1
HIT04_7,43,4,4,0,1,0,0,1
HIT04_7,43,4,3,0,1,0,0,1
HIT04_7,65,3,3,0,1,0,0,1
HIT04_7,65,3,4,0,1,0,0,1
HIT04_7,65,3,1,0,0,0,1,0
HIT04_7,65,3,4,0,1,0,0,1
HIT04_7,65,5,2,0,1,0,0,1
HIT04_7,65,3,4,0,1,0,0,1
HIT04_7,65,4,4,0,1,0,0,1
HIT04_7,65,0,4,0,0,0,0,0
HIT04_7,65,5,3,0,1,0,0,1
HIT04_7,65,4,3,0,1,0,0,1
HIT04_7,65,4,4,0,1,0,0,1
HIT04_7,65,4,3,0,0,0,1,0
HIT04_7,65,0,5,0,0,0,0,0
HIT04_7,65,4,3,0,0,0,1,0
HIT04_7,65,4,3,0,1,0,0,1
HIT04_7,65,0,5,0,0,0,0,0
HIT04_7,65,3,5,0,0,0,1,0
HIT04_7,65,5,3,0,1,0,0,1
HIT04_7,65,5,5,0,1,0,0,1
HIT04_7,65,0,5,0,0,0,0,0
HIT04_7,52,3,3,0,1,0,0,1
HIT04_7,52,0,5,0,0,0,0,0
HIT04_7,52,5,1,0,0,0,1,0
HIT04_7,52,4,4,0,0,0,1,0
HIT04_7,52,5,1,0,1,0,0,1
HIT04_7,52,4,3,0,1,0,0,1
HIT04_7,52,4,2,0,1,0,0,1
HIT04_7,52,3,3,0,0,0,1,0
HIT04_7,52,4,3,0,1,0,0,1
HIT04_7,52,3,3,0,1,0,0,1
HIT04_7,52,4,2,0,1,0,0,1
HIT04_7,52,0,5,0,0,0,0,0
HIT04_7,52,0,4,0,0,0,0,0
HIT04_7,52,0,4,0,0,0,0,0
HIT04_7,52,4,2,0,1,0,0,1
HIT04_7,52,3,3,0,1,0,0,1
HIT04_7,52,4,5,0,1,0,0,1
HIT04_7,52,0,5,0,0,0,0,0
HIT04_7,52,2,3,0,1,0,0,1
HIT04_7,52,4,2,0,1,0,0,1
HIT04_7,39,0,4,0,0,0,0,0
HIT04_7,39,4,2,0,1,0,0,1
HIT04_7,39,5,1,0,1,0,0,1
HIT04_7,39,3,4,0,0,0,1,0
HIT04_7,39,4,3,0,0,0,1,0
HIT04_7,39,4,3,0,0,0,1,0
HIT04_7,39,4,2,0,1,0,0,1
HIT04_7,39,5,3,0,1,0,0,1
HIT04_7,39,4,4,0,0,0,1,0
HIT04_7,39,2,3,0,1,0,0,1
HIT04_7,39,3,3,0,1,0,0,1
HIT04_7,39,2,5,0,0,0,1,0
HIT04_7,39,5,1,0,1,0,0,1
HIT04_7,39,4,1,0,1,0,0,1
HIT04_7,39,3,5,0,0,0,1,0
HIT04_7,39,4,2,0,1,0,0,1
HIT04_7,39,3,3,0,1,0,0,1
HIT04_7,39,4,3,0,1,0,0,1
HIT04_7,39,4,3,0,1,0,0,1
HIT04_7,39,0,3,0,0,0,0,0
HIT04_7,55,3,3,0,0,1,0,0
HIT04_7,55,4,3,1,0,0,0,1
HIT04_7,55,5,3,1,0,0,0,1
HIT04_7,55,0,5,0,0,0,0,0
HIT04_7,55,3,4,0,0,1,0,0
HIT04_7,55,3,3,0,0,1,0,0
HIT04_7,55,4,5,0,0,1,0,0
HIT04_7,55,3,3,0,0,1,0,0
HIT04_7,55,3,5,0,0,1,0,0
HIT04_7,55,5,3,1,0,0,0,1
HIT04_7,55,5,5,0,0,1,0,0
HIT04_7,55,3,4,1,0,0,0,1
HIT04_7,55,5,5,1,0,0,0,1
HIT04_7,55,4,4,1,0,0,0,1
HIT04_7,55,5,1,0,0,1,0,0
HIT04_7,55,4,5,0,0,1,0,0
HIT04_7,55,3,4,1,0,0,0,1
HIT04_7,55,3,4,0,0,1,0,0
HIT04_7,55,4,3,0,0,1,0,0
HIT04_7,55,3,3,0,0,1,0,0
HIT04_7,42,3,3,0,1,0,0,1
HIT04_7,42,3,3,0,1,0,0,1
HIT04_7,42,4,2,0,1,0,0,1
HIT04_7,42,0,5,0,0,0,0,0
HIT04_7,42,3,4,0,1,0,0,1
HIT04_7,42,3,3,0,1,0,0,1
HIT04_7,42,4,5,0,0,0,1,0
HIT04_7,42,3,3,0,0,0,1,0
HIT04_7,42,4,3,0,1,0,0,1
HIT04_7,42,3,3,0,0,0,1,0
HIT04_7,42,5,5,0,1,0,0,1
HIT04_7,42,4,4,0,0,0,1,0
HIT04_7,42,4,5,0,1,0,0,1
HIT04_7,42,3,3,0,0,0,1,0
HIT04_7,42,4,5,0,0,0,1,0
HIT04_7,42,0,5,0,0,0,0,0
HIT04_7,42,4,2,0,0,0,1,0
HIT04_7,42,4,5,0,0,0,1,0
HIT04_7,42,4,2,0,1,0,0,1
HIT04_7,42,4,3,0,1,0,0,1
HIT04_7,60,0,5,0,0,0,0,0
HIT04_7,60,2,4,0,1,0,0,1
HIT04_7,60,3,3,0,0,0,1,0
HIT04_7,60,3,4,0,1,0,0,1
HIT04_7,60,2,4,0,1,0,0,1
HIT04_7,60,4,2,0,1,0,0,1
HIT04_7,60,3,4,0,1,0,0,1
HIT04_7,60,3,4,0,1,0,0,1
HIT04_7,60,3,5,0,1,0,0,1
HIT04_7,60,3,2,0,0,0,1,0
HIT04_7,60,0,5,0,0,0,0,0
HIT04_7,60,5,4,0,0,0,1,0
HIT04_7,60,3,4,0,1,0,0,1
HIT04_7,60,1,4,0,0,0,1,0
HIT04_7,60,4,4,0,1,0,0,1
HIT04_7,60,3,5,0,1,0,0,1
HIT04_7,60,2,3,0,1,0,0,1
HIT04_7,60,4,4,0,1,0,0,1
HIT04_7,60,4,3,0,0,0,1,0
HIT04_7,60,4,3,0,1,0,0,1
HIT04_7,47,0,5,0,0,0,0,0
HIT04_7,47,5,3,0,1,0,0,1
HIT04_7,47,4,3,0,1,0,0,1
HIT04_7,47,2,4,0,1,0,0,1
HIT04_7,47,4,3,0,0,0,1,0
HIT04_7,47,3,4,0,1,0,0,1
HIT04_7,47,0,5,0,0,0,0,0
HIT04_7,47,4,3,0,1,0,0,1
HIT04_7,47,5,2,0,1,0,0,1
HIT04_7,47,2,3,0,1,0,0,1
HIT04_7,47,5,3,0,1,0,0,1
HIT04_7,47,3,4,0,1,0,0,1
HIT04_7,47,5,3,0,1,0,0,1
HIT04_7,47,3,4,0,1,0,0,1
HIT04_7,47,3,3,0,1,0,0,1
HIT04_7,47,1,5,0,1,0,0,1
HIT04_7,47,0,5,0,0,0,0,0
HIT04_7,47,0,5,0,0,0,0,0
HIT04_7,47,2,3,0,1,0,0,1
HIT04_7,47,5,5,0,0,0,1,0
HIT04_7,34,0,5,0,0,0,0,0
HIT04_7,34,5,2,0,0,0,1,0
HIT04_7,34,3,3,0,1,0,0,1
HIT04_7,34,3,4,0,1,0,0,1
HIT04_7,34,4,2,0,1,0,0,1
HIT04_7,34,5,3,0,1,0,0,1
HIT04_7,34,3,3,0,0,0,1,0
HIT04_7,34,2,5,0,1,0,0,1
HIT04_7,34,0,3,0,0,0,0,0
HIT04_7,34,0,5,0,0,0,0,0
HIT04_7,34,5,4,0,1,0,0,1
HIT04_7,34,2,4,0,1,0,0,1
HIT04_7,34,5,4,0,0,0,1,0
HIT04_7,34,4,1,0,0,0,1,0
HIT04_7,34,3,3,0,0,0,1,0
HIT04_7,34,0,5,0,0,0,0,0
HIT04_7,34,3,3,0,1,0,0,1
HIT04_7,34,4,1,0,1,0,0,1
HIT04_7,34,2,2,0,1,0,0,1
HIT04_7,34,0,4,0,0,0,0,0
HIT07_33,97,2,4,0,0,1,0,0
HIT07_33,97,4,3,0,0,1,0,0
HIT07_33,97,3,4,1,0,0,0,1
HIT07_33,97,4,2,0,0,1,0,0
HIT07_33,97,3,3,0,0,1,0,0
HIT07_33,97,5,2,1,0,0,0,1
HIT07_33,97,5,1,1,0,0,0,1
HIT07_33,97,4,3,0,0,1,0,0
HIT07_33,97,4,2,0,0,1,0,0
HIT07_33,97,3,3,1,0,0,0,1
HIT07_33,97,3,3,0,0,1,0,0
HIT07_33,97,3,5,1,0,0,0,1
HIT07_33,97,0,5,0,0,0,0,0
HIT07_33,97,4,3,0,0,1,0,0
HIT07_33,97,5,1,0,0,1,0,0
HIT07_33,97,5,3,0,0,1,0,0
HIT07_33,97,5,2,0,0,1,0,0
HIT07_33,97,1,4,0,0,1,0,0
HIT07_33,97,5,2,1,0,0,0,1
HIT07_33,97,3,3,0,0,1,0,0
HIT07_33,104,3,4,1,0,0,0,1
HIT07_33,104,5,2,0,0,1,0,0
HIT07_33,104,1,5,0,0,1,0,0
HIT07_33,104,3,3,1,0,0,0,1
HIT07_33,104,2,4,0,0,1,0,0
HIT07_33,104,2,1,1,0,0,0,1
HIT07_33,104,2,4,0,0,1,0,0
HIT07_33,104,5,4,1,0,0,0,1
HIT07_33,104,5,1,1,0,0,0,1
HIT07_33,104,3,3,0,0,1,0,0
HIT07_33,104,5,1,1,0,0,0,1
HIT07_33,104,5,2,1,0,0,0,1
HIT07_33,104,1,4,0,0,1,0,0
HIT07_33,104,5,3,1,0,0,0,1
HIT07_33,104,2,4,0,0,1,0,0
HIT07_33,104,0,5,0,0,0,0,0
HIT07_33,104,4,4,0,0,1,0,0
HIT07_33,104,4,3,1,0,0,0,1
HIT07_33,104,5,2,1,0,0,0,1
HIT07_33,104,5,3,0,0,1,0,0
HIT07_33,101,5,3,0,1,0,0,1
HIT07_33,101,4,2,0,1,0,0,1
HIT07_33,101,4,3,0,1,0,0,1
HIT07_33,101,4,2,0,1,0,0,1
HIT07_33,101,3,3,0,1,0,0,1
HIT07_33,101,4,2,0,1,0,0,1
HIT07_33,101,2,4,0,0,0,1,0
HIT07_33,101,5,1,0,1,0,0,1
HIT07_33,101,5,1,0,1,0,0,1
HIT07_33,101,3,3,0,1,0,0,1
HIT07_33,101,5,1,0,1,0,0,1
HIT07_33,101,4,2,0,1,0,0,1
HIT07_33,101,3,4,0,0,0,1,0
HIT07_33,101,5,2,0,1,0,0,1
HIT07_33,101,4,4,0,0,0,1,0
HIT07_33,101,4,4,0,0,0,1,0
HIT07_33,101,4,4,0,1,0,0,1
HIT07_33,101,5,3,0,1,0,0,1
HIT07_33,101,1,4,0,1,0,0,1
HIT07_33,101,3,4,0,1,0,0,1
HIT07_33,98,5,3,0,1,0,0,1
HIT07_33,98,5,2,0,1,0,0,1
HIT07_33,98,4,4,0,1,0,0,1
HIT07_33,98,5,1,0,1,0,0,1
HIT07_33,98,4,2,0,1,0,0,1
HIT07_33,98,4,3,0,0,0,1,0
HIT07_33,98,4,3,0,1,0,0,1
HIT07_33,98,3,4,0,0,0,1,0
HIT07_33,98,3,3,0,1,0,0,1
HIT07_33,98,5,2,0,1,0,0,1
HIT07_33,98,5,1,0,1,0,0,1
HIT07_33,98,2,3,0,1,0,0,1
HIT07_33,98,0,5,0,0,0,0,0
HIT07_33,98,0,5,0,0,0,0,0
HIT07_33,98,5,1,0,1,0,0,1
HIT07_33,98,5,1,0,1,0,0,1
HIT07_33,98,4,2,0,0,0,1,0
HIT07_33,98,3,3,0,1,0,0,1
HIT07_33,98,5,1,0,1,0,0,1
HIT07_33,98,4,3,0,0,0,1,0
HIT08_54,121,4,2,0,1,0,0,1
HIT08_54,121,4,2,0,1,0,0,1
HIT08_54,121,5,2,0,1,0,0,1
HIT08_54,121,5,3,0,1,0,0,1
HIT08_54,121,4,2,0,1,0,0,1
HIT08_54,121,4,1,0,1,0,0,1
HIT08_54,121,5,1,0,1,0,0,1
HIT08_54,121,5,3,0,0,0,1,0
HIT08_54,121,5,1,0,1,0,0,1
HIT08_54,121,5,3,0,1,0,0,1
HIT08_54,121,5,3,0,1,0,0,1
HIT08_54,121,4,3,0,1,0,0,1
HIT08_54,121,4,3,0,1,0,0,1
HIT08_54,121,5,1,0,0,0,1,0
HIT08_54,121,4,3,0,1,0,0,1
HIT08_54,121,5,1,0,1,0,0,1
HIT08_54,121,5,2,0,1,0,0,1
HIT08_54,121,5,1,0,1,0,0,1
HIT08_54,121,4,2,0,1,0,0,1
HIT08_54,121,5,1,0,1,0,0,1
HIT07_33,102,3,3,1,0,0,0,1
HIT07_33,102,4,2,1,0,0,0,1
HIT07_33,102,5,5,0,0,1,0,0
HIT07_33,102,3,2,1,0,0,0,1
HIT07_33,102,5,1,1,0,0,0,1
HIT07_33,102,4,3,0,0,1,0,0
HIT07_33,102,5,1,1,0,0,0,1
HIT07_33,102,0,3,0,0,0,0,0
HIT07_33,102,2,3,1,0,0,0,1
HIT07_33,102,3,3,1,0,0,0,1
HIT07_33,102,5,5,0,0,1,0,0
HIT07_33,102,4,2,0,0,1,0,0
HIT07_33,102,3,4,0,0,1,0,0
HIT07_33,102,4,3,0,0,1,0,0
HIT07_33,102,0,3,0,0,0,0,0
HIT07_33,102,4,3,1,0,0,0,1
HIT07_33,102,5,2,1,0,0,0,1
HIT07_33,102,3,3,0,0,1,0,0
HIT07_33,102,3,4,0,0,1,0,0
HIT07_33,102,3,4,0,0,1,0,0
HIT08_54,113,4,2,0,1,0,0,1
HIT08_54,113,5,2,0,1,0,0,1
HIT08_54,113,5,2,0,1,0,0,1
HIT08_54,113,5,1,0,1,0,0,1
HIT08_54,113,2,2,0,1,0,0,1
HIT08_54,113,4,2,0,1,0,0,1
HIT08_54,113,5,1,0,1,0,0,1
HIT08_54,113,5,1,0,0,0,1,0
HIT08_54,113,5,2,0,1,0,0,1
HIT08_54,113,5,1,0,1,0,0,1
HIT08_54,113,5,2,0,1,0,0,1
HIT08_54,113,4,3,0,1,0,0,1
HIT08_54,113,5,1,0,1,0,0,1
HIT08_54,113,3,3,0,1,0,0,1
HIT08_54,113,5,1,0,1,0,0,1
HIT08_54,113,5,1,0,1,0,0,1
HIT08_54,113,5,1,0,1,0,0,1
HIT08_54,113,5,2,0,1,0,0,1
HIT08_54,113,5,1,0,1,0,0,1
HIT08_54,113,5,1,0,1,0,0,1
HIT05_35,77,3,3,0,0,1,0,0
HIT05_35,77,3,3,0,0,1,0,0
HIT05_35,77,0,4,0,0,0,0,0
HIT05_35,77,4,3,1,0,0,0,1
HIT05_35,77,2,3,1,0,0,0,1
HIT05_35,77,3,2,0,0,1,0,0
HIT05_35,77,5,2,1,0,0,0,1
HIT05_35,77,4,4,1,0,0,0,1
HIT05_35,77,5,3,1,0,0,0,1
HIT05_35,77,4,4,0,0,1,0,0
HIT05_35,77,0,5,0,0,0,0,0
HIT05_35,77,4,4,1,0,0,0,1
HIT05_35,77,4,4,1,0,0,0,1
HIT05_35,77,1,5,0,0,1,0,0
HIT05_35,77,4,2,1,0,0,0,1
HIT05_35,77,4,3,1,0,0,0,1
HIT05_35,77,3,3,0,0,1,0,0
HIT05_35,77,4,3,1,0,0,0,1
HIT05_35,77,3,4,1,0,0,0,1
HIT05_35,77,2,3,1,0,0,0,1
HIT07_33,103,5,2,0,1,0,0,1
HIT07_33,103,2,3,0,1,0,0,1
HIT07_33,103,4,3,0,1,0,0,1
HIT07_33,103,3,3,0,1,0,0,1
HIT07_33,103,5,1,0,1,0,0,1
HIT07_33,103,5,2,0,1,0,0,1
HIT07_33,103,5,3,0,1,0,0,1
HIT07_33,103,5,1,0,1,0,0,1
HIT07_33,103,4,2,0,1,0,0,1
HIT07_33,103,3,4,0,1,0,0,1
HIT07_33,103,5,2,0,1,0,0,1
HIT07_33,103,4,3,0,1,0,0,1
HIT07_33,103,5,2,0,1,0,0,1
HIT07_33,103,5,3,0,1,0,0,1
HIT07_33,103,0,5,0,0,0,0,0
HIT07_33,103,3,4,0,1,0,0,1
HIT07_33,103,5,1,0,1,0,0,1
HIT07_33,103,5,1,0,1,0,0,1
HIT07_33,103,4,2,0,1,0,0,1
HIT07_33,103,5,1,0,1,0,0,1
HIT08_54,105,5,1,0,1,0,0,1
HIT08_54,105,5,1,0,1,0,0,1
HIT08_54,105,5,2,0,1,0,0,1
HIT08_54,105,3,3,0,1,0,0,1
HIT08_54,105,3,3,0,1,0,0,1
HIT08_54,105,4,2,0,1,0,0,1
HIT08_54,105,3,3,0,0,0,1,0
HIT08_54,105,2,2,0,1,0,0,1
HIT08_54,105,5,1,0,1,0,0,1
HIT08_54,105,5,1,0,1,0,0,1
HIT08_54,105,5,2,0,1,0,0,1
HIT08_54,105,4,3,0,1,0,0,1
HIT08_54,105,5,1,0,1,0,0,1
HIT08_54,105,5,1,0,1,0,0,1
HIT08_54,105,5,2,0,1,0,0,1
HIT08_54,105,5,2,0,1,0,0,1
HIT08_54,105,5,1,0,1,0,0,1
HIT08_54,105,4,1,0,0,0,1,0
HIT08_54,105,5,1,0,1,0,0,1
HIT08_54,105,5,1,0,1,0,0,1
HIT07_33,99,3,3,0,1,0,0,1
HIT07_33,99,5,1,0,1,0,0,1
HIT07_33,99,4,4,0,1,0,0,1
HIT07_33,99,5,1,0,1,0,0,1
HIT07_33,99,5,1,0,1,0,0,1
HIT07_33,99,0,4,0,0,0,0,0
HIT07_33,99,5,1,0,1,0,0,1
HIT07_33,99,0,3,0,0,0,0,0
HIT07_33,99,4,2,0,1,0,0,1
HIT07_33,99,3,3,0,1,0,0,1
HIT07_33,99,0,3,0,0,0,0,0
HIT07_33,99,2,2,0,1,0,0,1
HIT07_33,99,4,4,0,1,0,0,1
HIT07_33,99,4,4,0,0,0,1,0
HIT07_33,99,5,2,0,1,0,0,1
HIT07_33,99,4,3,0,1,0,0,1
HIT07_33,99,5,2,0,0,0,1,0
HIT07_33,99,3,4,0,1,0,0,1
HIT07_33,99,4,1,0,1,0,0,1
HIT07_33,99,3,4,0,1,0,0,1
HIT05_35,74,5,2,0,0,0,1,0
HIT05_35,74,4,2,0,1,0,0,1
HIT05_35,74,4,4,0,0,0,1,0
HIT05_35,74,3,3,0,1,0,0,1
HIT05_35,74,0,3,0,0,0,0,0
HIT05_35,74,4,1,0,1,0,0,1
HIT05_35,74,5,1,0,0,0,1,0
HIT05_35,74,4,3,0,1,0,0,1
HIT05_35,74,3,3,0,1,0,0,1
HIT05_35,74,4,1,0,1,0,0,1
HIT05_35,74,0,5,0,0,0,0,0
HIT05_35,74,4,4,0,1,0,0,1
HIT05_35,74,5,3,0,1,0,0,1
HIT05_35,74,1,5,0,1,0,0,1
HIT05_35,74,5,1,0,1,0,0,1
HIT05_35,74,4,3,0,0,0,1,0
HIT05_35,74,4,4,0,0,0,1,0
HIT05_35,74,4,3,0,0,0,1,0
HIT05_35,74,3,3,0,1,0,0,1
HIT05_35,74,3,2,0,1,0,0,1
HIT07_33,100,5,2,0,1,0,0,1
HIT07_33,100,3,3,0,0,0,1,0
HIT07_33,100,0,4,0,0,0,0,0
HIT07_33,100,3,3,0,0,0,1,0
HIT07_33,100,4,3,0,1,0,0,1
HIT07_33,100,1,2,0,1,0,0,1
HIT07_33,100,3,3,0,1,0,0,1
HIT07_33,100,0,5,0,0,0,0,0
HIT07_33,100,3,4,0,1,0,0,1
HIT07_33,100,2,4,0,0,0,1,0
HIT07_33,100,5,3,0,0,0,1,0
HIT07_33,100,3,4,0,0,0,1,0
HIT07_33,100,5,2,0,1,0,0,1
HIT07_33,100,0,4,0,0,0,0,0
HIT07_33,100,1,5,0,0,0,1,0
HIT07_33,100,5,5,0,1,0,0,1
HIT07_33,100,5,3,0,1,0,0,1
HIT07_33,100,5,2,0,1,0,0,1
HIT07_33,100,2,2,0,1,0,0,1
HIT07_33,100,3,4,0,0,0,1,0
HIT05_35,71,0,2,0,0,0,0,0
HIT05_35,71,4,2,0,1,0,0,1
HIT05_35,71,4,4,0,1,0,0,1
HIT05_35,71,4,3,0,1,0,0,1
HIT05_35,71,4,3,0,1,0,0,1
HIT05_35,71,5,3,0,1,0,0,1
HIT05_35,71,5,1,0,0,0,1,0
HIT05_35,71,4,3,0,0,0,1,0
HIT05_35,71,3,3,0,1,0,0,1
HIT05_35,71,4,1,0,1,0,0,1
HIT05_35,71,2,4,0,1,0,0,1
HIT05_35,71,4,4,0,1,0,0,1
HIT05_35,71,5,3,0,1,0,0,1
HIT05_35,71,1,5,0,1,0,0,1
HIT05_35,71,5,1,0,1,0,0,1
HIT05_35,71,3,4,0,0,0,1,0
HIT05_35,71,3,3,0,1,0,0,1
HIT05_35,71,3,3,0,1,0,0,1
HIT05_35,71,3,4,0,1,0,0,1
HIT05_35,71,3,3,0,1,0,0,1
HIT05_35,76,2,4,0,1,0,0,1
HIT05_35,76,5,3,0,1,0,0,1
HIT05_35,76,2,4,0,1,0,0,1
HIT05_35,76,2,3,0,1,0,0,1
HIT05_35,76,5,3,0,1,0,0,1
HIT05_35,76,1,4,0,1,0,0,1
HIT05_35,76,2,4,0,0,0,1,0
HIT05_35,76,1,4,0,0,0,1,0
HIT05_35,76,5,3,0,0,0,1,0
HIT05_35,76,0,4,0,0,0,0,0
HIT05_35,76,0,5,0,0,0,0,0
HIT05_35,76,4,4,0,0,0,1,0
HIT05_35,76,4,3,0,0,0,1,0
HIT05_35,76,2,4,0,0,0,1,0
HIT05_35,76,3,4,0,0,0,1,0
HIT05_35,76,3,5,0,0,0,1,0
HIT05_35,76,5,3,0,1,0,0,1
HIT05_35,76,3,4,0,0,0,1,0
HIT05_35,76,3,3,0,0,0,1,0
HIT05_35,76,5,3,0,1,0,0,1
HIT08_54,122,5,1,0,1,0,0,1
HIT08_54,122,3,4,0,1,0,0,1
HIT08_54,122,4,2,0,1,0,0,1
HIT08_54,122,0,5,0,0,0,0,0
HIT08_54,122,4,3,0,1,0,0,1
HIT08_54,122,5,2,0,1,0,0,1
HIT08_54,122,4,3,0,0,0,1,0
HIT08_54,122,5,2,0,1,0,0,1
HIT08_54,122,5,3,0,1,0,0,1
HIT08_54,122,5,1,0,1,0,0,1
HIT08_54,122,4,4,0,1,0,0,1
HIT08_54,122,5,1,0,1,0,0,1
HIT08_54,122,4,3,0,1,0,0,1
HIT08_54,122,5,3,0,1,0,0,1
HIT08_54,122,5,2,0,0,0,1,0
HIT08_54,122,5,5,0,0,0,1,0
HIT08_54,122,4,2,0,1,0,0,1
HIT08_54,122,5,3,0,0,0,1,0
HIT08_54,122,4,2,0,1,0,0,1
HIT08_54,122,5,3,0,1,0,0,1
HIT08_54,114,5,1,0,1,0,0,1
HIT08_54,114,5,2,0,0,0,1,0
HIT08_54,114,4,4,0,1,0,0,1
HIT08_54,114,0,5,0,0,0,0,0
HIT08_54,114,1,1,0,1,0,0,1
HIT08_54,114,5,2,0,1,0,0,1
HIT08_54,114,4,3,0,1,0,0,1
HIT08_54,114,5,2,0,1,0,0,1
HIT08_54,114,5,3,0,1,0,0,1
HIT08_54,114,3,2,0,1,0,0,1
HIT08_54,114,4,4,0,1,0,0,1
HIT08_54,114,5,5,0,1,0,0,1
HIT08_54,114,0,4,0,0,0,0,0
HIT08_54,114,5,3,0,1,0,0,1
HIT08_54,114,5,2,0,0,0,1,0
HIT08_54,114,5,5,0,1,0,0,1
HIT08_54,114,4,2,0,1,0,0,1
HIT08_54,114,5,3,0,1,0,0,1
HIT08_54,114,5,2,0,1,0,0,1
HIT08_54,114,5,1,0,1,0,0,1
HIT08_54,106,5,1,0,1,0,0,1
HIT08_54,106,5,2,0,1,0,0,1
HIT08_54,106,5,5,0,1,0,0,1
HIT08_54,106,0,5,0,0,0,0,0
HIT08_54,106,4,1,0,0,0,1,0
HIT08_54,106,1,1,0,1,0,0,1
HIT08_54,106,4,3,0,1,0,0,1
HIT08_54,106,5,1,0,1,0,0,1
HIT08_54,106,5,3,0,1,0,0,1
HIT08_54,106,5,1,0,1,0,0,1
HIT08_54,106,4,3,0,0,0,1,0
HIT08_54,106,5,1,0,1,0,0,1
HIT08_54,106,5,1,0,1,0,0,1
HIT08_54,106,5,3,0,1,0,0,1
HIT08_54,106,5,1,0,1,0,0,1
HIT08_54,106,4,4,0,1,0,0,1
HIT08_54,106,4,2,0,1,0,0,1
HIT08_54,106,5,3,0,1,0,0,1
HIT08_54,106,5,1,0,1,0,0,1
HIT08_54,106,5,1,0,1,0,0,1
HIT08_54,123,5,1,1,0,0,0,1
HIT08_54,123,4,5,0,0,1,0,0
HIT08_54,123,5,1,0,0,1,0,0
HIT08_54,123,5,3,1,0,0,0,1
HIT08_54,123,5,3,1,0,0,0,1
HIT08_54,123,5,2,0,0,1,0,0
HIT08_54,123,4,2,1,0,0,0,1
HIT08_54,123,4,2,0,0,1,0,0
HIT08_54,123,2,4,0,0,1,0,0
HIT08_54,123,5,2,0,0,1,0,0
HIT08_54,123,4,2,1,0,0,0,1
HIT08_54,123,2,4,0,0,1,0,0
HIT08_54,123,4,3,1,0,0,0,1
HIT08_54,123,4,2,0,0,1,0,0
HIT08_54,123,3,3,0,0,1,0,0
HIT08_54,123,5,5,0,0,1,0,0
HIT08_54,123,4,5,0,0,1,0,0
HIT08_54,123,5,1,1,0,0,0,1
HIT08_54,123,5,3,1,0,0,0,1
HIT08_54,123,5,1,1,0,0,0,1
HIT05_35,73,3,4,1,0,0,0,1
HIT05_35,73,3,3,1,0,0,0,1
HIT05_35,73,5,3,1,0,0,0,1
HIT05_35,73,2,3,0,0,1,0,0
HIT05_35,73,4,3,0,0,1,0,0
HIT05_35,73,3,4,1,0,0,0,1
HIT05_35,73,2,4,1,0,0,0,1
HIT05_35,73,3,4,0,0,1,0,0
HIT05_35,73,5,3,0,0,1,0,0
HIT05_35,73,2,4,0,0,1,0,0
HIT05_35,73,3,5,1,0,0,0,1
HIT05_35,73,3,3,0,0,1,0,0
HIT05_35,73,4,3,0,0,1,0,0
HIT05_35,73,5,2,1,0,0,0,1
HIT05_35,73,0,5,0,0,0,0,0
HIT05_35,73,5,3,0,0,1,0,0
HIT05_35,73,3,4,1,0,0,0,1
HIT05_35,73,3,4,1,0,0,0,1
HIT05_35,73,5,3,0,0,1,0,0
HIT05_35,73,4,2,1,0,0,0,1
HIT08_54,115,5,1,0,0,1,0,0
HIT08_54,115,4,5,1,0,0,0,1
HIT08_54,115,5,1,0,0,1,0,0
HIT08_54,115,5,2,1,0,0,0,1
HIT08_54,115,5,4,1,0,0,0,1
HIT08_54,115,5,1,1,0,0,0,1
HIT08_54,115,2,2,1,0,0,0,1
HIT08_54,115,3,3,1,0,0,0,1
HIT08_54,115,2,4,0,0,1,0,0
HIT08_54,115,5,2,1,0,0,0,1
HIT08_54,115,4,2,1,0,0,0,1
HIT08_54,115,2,4,1,0,0,0,1
HIT08_54,115,5,1,1,0,0,0,1
HIT08_54,115,4,3,0,0,1,0,0
HIT08_54,115,3,3,1,0,0,0,1
HIT08_54,115,5,4,0,0,1,0,0
HIT08_54,115,3,5,1,0,0,0,1
HIT08_54,115,5,1,0,0,1,0,0
HIT08_54,115,5,2,1,0,0,0,1
HIT08_54,115,5,1,1,0,0,0,1
HIT08_54,107,5,1,0,1,0,0,1
HIT08_54,107,5,3,0,1,0,0,1
HIT08_54,107,5,1,0,1,0,0,1
HIT08_54,107,2,4,0,1,0,0,1
HIT08_54,107,5,4,0,0,0,1,0
HIT08_54,107,5,1,0,1,0,0,1
HIT08_54,107,4,3,0,1,0,0,1
HIT08_54,107,4,1,0,1,0,0,1
HIT08_54,107,2,4,0,1,0,0,1
HIT08_54,107,5,1,0,1,0,0,1
HIT08_54,107,4,2,0,1,0,0,1
HIT08_54,107,2,4,0,1,0,0,1
HIT08_54,107,5,1,0,1,0,0,1
HIT08_54,107,4,4,0,1,0,0,1
HIT08_54,107,3,3,0,1,0,0,1
HIT08_54,107,5,4,0,1,0,0,1
HIT08_54,107,5,3,0,1,0,0,1
HIT08_54,107,5,1,0,1,0,0,1
HIT08_54,107,5,1,0,1,0,0,1
HIT08_54,107,5,5,0,1,0,0,1
HIT05_35,70,5,3,0,1,0,0,1
HIT05_35,70,4,2,0,1,0,0,1
HIT05_35,70,5,2,0,1,0,0,1
HIT05_35,70,2,3,0,1,0,0,1
HIT05_35,70,3,4,0,1,0,0,1
HIT05_35,70,0,5,0,0,0,0,0
HIT05_35,70,3,3,0,1,0,0,1
HIT05_35,70,5,3,0,0,0,1,0
HIT05_35,70,4,3,0,1,0,0,1
HIT05_35,70,2,4,0,1,0,0,1
HIT05_35,70,0,5,0,0,0,0,0
HIT05_35,70,3,3,0,1,0,0,1
HIT05_35,70,4,3,0,1,0,0,1
HIT05_35,70,3,3,0,1,0,0,1
HIT05_35,70,3,5,0,0,0,1,0
HIT05_35,70,5,3,0,1,0,0,1
HIT05_35,70,0,5,0,0,0,0,0
HIT05_35,70,3,3,0,0,0,1,0
HIT05_35,70,5,5,0,1,0,0,1
HIT05_35,70,5,2,0,1,0,0,1
HIT06_51,90,4,2,0,1,0,0,1
HIT06_51,90,0,4,0,0,0,0,0
HIT06_51,90,2,4,0,0,0,1,0
HIT06_51,90,4,3,0,1,0,0,1
HIT06_51,90,3,3,0,1,0,0,1
HIT06_51,90,5,4,0,0,0,1,0
HIT06_51,90,1,5,0,1,0,0,1
HIT06_51,90,5,2,0,1,0,0,1
HIT06_51,90,5,2,0,0,0,1,0
HIT06_51,90,0,5,0,0,0,0,0
HIT06_51,90,0,5,0,0,0,0,0
HIT06_51,90,0,5,0,0,0,0,0
HIT06_51,90,0,4,0,0,0,0,0
HIT06_51,90,0,5,0,0,0,0,0
HIT06_51,90,4,2,0,1,0,0,1
HIT06_51,90,3,3,0,1,0,0,1
HIT06_51,90,1,3,0,1,0,0,1
HIT06_51,90,3,3,0,0,0,1,0
HIT06_51,90,3,3,0,1,0,0,1
HIT06_51,90,3,3,0,1,0,0,1
HIT06_51,91,0,4,0,0,0,0,0
HIT06_51,91,4,4,0,0,0,1,0
HIT06_51,91,4,3,0,1,0,0,1
HIT06_51,91,5,4,0,1,0,0,1
HIT06_51,91,5,2,0,1,0,0,1
HIT06_51,91,3,3,0,1,0,0,1
HIT06_51,91,4,3,0,1,0,0,1
HIT06_51,91,5,3,0,1,0,0,1
HIT06_51,91,0,3,0,0,0,0,0
HIT06_51,91,2,5,0,0,0,1,0
HIT06_51,91,2,3,0,1,0,0,1
HIT06_51,91,3,3,0,0,0,1,0
HIT06_51,91,4,4,0,1,0,0,1
HIT06_51,91,5,1,0,1,0,0,1
HIT06_51,91,0,5,0,0,0,0,0
HIT06_51,91,4,3,0,1,0,0,1
HIT06_51,91,5,4,0,1,0,0,1
HIT06_51,91,0,5,0,0,0,0,0
HIT06_51,91,1,3,0,1,0,0,1
HIT06_51,91,4,4,0,1,0,0,1
HIT06_51,84,4,3,0,0,1,0,0
HIT06_51,84,3,2,0,0,1,0,0
HIT06_51,84,0,5,0,0,0,0,0
HIT06_51,84,4,2,0,0,1,0,0
HIT06_51,84,0,2,0,0,0,0,0
HIT06_51,84,4,3,1,0,0,0,1
HIT06_51,84,1,5,0,0,1,0,0
HIT06_51,84,3,4,1,0,0,0,1
HIT06_51,84,5,2,1,0,0,0,1
HIT06_51,84,0,5,0,0,0,0,0
HIT06_51,84,1,5,1,0,0,0,1
HIT06_51,84,2,4,1,0,0,0,1
HIT06_51,84,0,4,0,0,0,0,0
HIT06_51,84,0,5,0,0,0,0,0
HIT06_51,84,3,3,0,0,1,0,0
HIT06_51,84,3,4,0,0,1,0,0
HIT06_51,84,4,4,1,0,0,0,1
HIT06_51,84,3,4,0,0,1,0,0
HIT06_51,84,4,3,0,0,1,0,0
HIT06_51,84,2,3,0,0,1,0,0
HIT08_54,125,3,3,0,1,0,0,1
HIT08_54,125,5,1,0,0,0,1,0
HIT08_54,125,5,1,0,1,0,0,1
HIT08_54,125,5,1,0,1,0,0,1
HIT08_54,125,5,4,0,1,0,0,1
HIT08_54,125,5,2,0,0,0,1,0
HIT08_54,125,5,1,0,0,0,1,0
HIT08_54,125,3,3,0,1,0,0,1
HIT08_54,125,1,5,0,1,0,0,1
HIT08_54,125,5,1,0,1,0,0,1
HIT08_54,125,3,3,0,1,0,0,1
HIT08_54,125,4,3,0,0,0,1,0
HIT08_54,125,3,3,0,0,0,1,0
HIT08_54,125,4,3,0,1,0,0,1
HIT08_54,125,3,3,0,1,0,0,1
HIT08_54,125,4,3,0,1,0,0,1
HIT08_54,125,4,3,0,1,0,0,1
HIT08_54,125,5,2,0,1,0,0,1
HIT08_54,125,4,3,0,0,0,1,0
HIT08_54,125,3,4,0,1,0,0,1
HIT06_51,96,5,1,0,1,0,0,1
HIT06_51,96,4,2,0,1,0,0,1
HIT06_51,96,1,5,0,1,0,0,1
HIT06_51,96,5,1,0,1,0,0,1
HIT06_51,96,5,1,0,1,0,0,1
HIT06_51,96,4,3,0,1,0,0,1
HIT06_51,96,1,5,0,1,0,0,1
HIT06_51,96,4,3,0,1,0,0,1
HIT06_51,96,5,2,0,0,0,1,0
HIT06_51,96,0,4,0,0,0,0,0
HIT06_51,96,0,5,0,0,0,0,0
HIT06_51,96,4,2,0,1,0,0,1
HIT06_51,96,2,4,0,1,0,0,1
HIT06_51,96,0,5,0,0,0,0,0
HIT06_51,96,0,3,0,0,0,0,0
HIT06_51,96,5,1,0,1,0,0,1
HIT06_51,96,4,4,0,1,0,0,1
HIT06_51,96,5,2,0,1,0,0,1
HIT06_51,96,5,2,0,1,0,0,1
HIT06_51,96,4,4,0,1,0,0,1
HIT08_54,117,3,3,0,1,0,0,1
HIT08_54,117,5,1,0,1,0,0,1
HIT08_54,117,5,1,0,1,0,0,1
HIT08_54,117,5,1,0,1,0,0,1
HIT08_54,117,4,3,0,1,0,0,1
HIT08_54,117,5,1,0,1,0,0,1
HIT08_54,117,5,1,0,1,0,0,1
HIT08_54,117,4,1,0,1,0,0,1
HIT08_54,117,0,5,0,0,0,0,0
HIT08_54,117,5,2,0,1,0,0,1
HIT08_54,117,3,3,0,1,0,0,1
HIT08_54,117,4,2,0,1,0,0,1
HIT08_54,117,4,4,0,1,0,0,1
HIT08_54,117,4,2,0,1,0,0,1
HIT08_54,117,3,3,0,1,0,0,1
HIT08_54,117,5,3,0,1,0,0,1
HIT08_54,117,4,2,0,1,0,0,1
HIT08_54,117,5,2,0,0,0,1,0
HIT08_54,117,4,3,0,0,0,1,0
HIT08_54,117,5,4,0,1,0,0,1
HIT06_51,93,4,3,0,1,0,0,1
HIT06_51,93,5,2,0,1,0,0,1
HIT06_51,93,5,4,0,1,0,0,1
HIT06_51,93,4,4,0,1,0,0,1
HIT06_51,93,3,4,0,1,0,0,1
HIT06_51,93,5,3,0,1,0,0,1
HIT06_51,93,1,4,0,0,0,1,0
HIT06_51,93,0,4,0,0,0,0,0
HIT06_51,93,5,5,0,0,0,1,0
HIT06_51,93,4,3,0,1,0,0,1
HIT06_51,93,4,3,0,1,0,0,1
HIT06_51,93,3,3,0,0,0,1,0
HIT06_51,93,3,3,0,1,0,0,1
HIT06_51,93,0,4,0,0,0,0,0
HIT06_51,93,1,4,0,0,0,1,0
HIT06_51,93,3,5,0,1,0,0,1
HIT06_51,93,4,4,0,0,0,1,0
HIT06_51,93,2,5,0,1,0,0,1
HIT06_51,93,3,4,0,1,0,0,1
HIT06_51,93,1,4,0,1,0,0,1
HIT08_54,126,5,3,0,1,0,0,1
HIT08_54,126,5,2,0,0,0,1,0
HIT08_54,126,4,3,0,1,0,0,1
HIT08_54,126,1,4,0,0,0,1,0
HIT08_54,126,5,3,0,1,0,0,1
HIT08_54,126,0,5,0,0,0,0,0
HIT08_54,126,5,2,0,1,0,0,1
HIT08_54,126,5,2,0,1,0,0,1
HIT08_54,126,5,3,0,1,0,0,1
HIT08_54,126,2,4,0,1,0,0,1
HIT08_54,126,5,2,0,0,0,1,0
HIT08_54,126,5,1,0,0,0,1,0
HIT08_54,126,5,2,0,1,0,0,1
HIT08_54,126,3,3,0,1,0,0,1
HIT08_54,126,5,2,0,0,0,1,0
HIT08_54,126,5,1,0,1,0,0,1
HIT08_54,126,5,1,0,0,0,1,0
HIT08_54,126,5,2,0,0,0,1,0
HIT08_54,126,5,1,0,0,0,1,0
HIT08_54,126,5,1,0,0,0,1,0
HIT08_54,118,5,2,0,1,0,0,1
HIT08_54,118,4,2,0,1,0,0,1
HIT08_54,118,4,1,0,1,0,0,1
HIT08_54,118,1,4,0,0,0,1,0
HIT08_54,118,4,2,0,1,0,0,1
HIT08_54,118,0,5,0,0,0,0,0
HIT08_54,118,5,1,0,1,0,0,1
HIT08_54,118,5,1,0,1,0,0,1
HIT08_54,118,5,1,0,1,0,0,1
HIT08_54,118,4,2,0,1,0,0,1
HIT08_54,118,4,3,0,1,0,0,1
HIT08_54,118,5,1,0,1,0,0,1
HIT08_54,118,5,3,0,1,0,0,1
HIT08_54,118,0,5,0,0,0,0,0
HIT08_54,118,5,1,0,1,0,0,1
HIT08_54,118,5,1,0,1,0,0,1
HIT08_54,118,5,5,0,1,0,0,1
HIT08_54,118,5,2,0,1,0,0,1
HIT08_54,118,5,1,0,1,0,0,1
HIT08_54,118,5,1,0,0,0,1,0
HIT06_51,87,4,2,0,1,0,0,1
HIT06_51,87,5,4,0,1,0,0,1
HIT06_51,87,5,1,0,1,0,0,1
HIT06_51,87,4,3,0,0,0,1,0
HIT06_51,87,5,1,0,1,0,0,1
HIT06_51,87,3,4,0,1,0,0,1
HIT06_51,87,3,4,0,1,0,0,1
HIT06_51,87,5,5,0,1,0,0,1
HIT06_51,87,5,1,0,1,0,0,1
HIT06_51,87,5,2,0,1,0,0,1
HIT06_51,87,4,2,0,1,0,0,1
HIT06_51,87,3,3,0,1,0,0,1
HIT06_51,87,1,4,0,1,0,0,1
HIT06_51,87,4,3,0,1,0,0,1
HIT06_51,87,5,1,0,1,0,0,1
HIT06_51,87,3,5,0,1,0,0,1
HIT06_51,87,4,5,0,0,0,1,0
HIT06_51,87,0,4,0,0,0,0,0
HIT06_51,87,4,3,0,1,0,0,1
HIT06_51,87,4,2,0,1,0,0,1
HIT08_54,109,3,3,0,0,0,1,0
HIT08_54,109,5,1,0,1,0,0,1
HIT08_54,109,5,1,0,1,0,0,1
HIT08_54,109,5,2,0,1,0,0,1
HIT08_54,109,3,2,0,1,0,0,1
HIT08_54,109,5,1,0,1,0,0,1
HIT08_54,109,5,1,0,1,0,0,1
HIT08_54,109,4,2,0,1,0,0,1
HIT08_54,109,0,5,0,0,0,0,0
HIT08_54,109,5,1,0,1,0,0,1
HIT08_54,109,3,3,0,1,0,0,1
HIT08_54,109,5,3,0,0,0,1,0
HIT08_54,109,4,4,0,1,0,0,1
HIT08_54,109,4,2,0,1,0,0,1
HIT08_54,109,3,3,0,1,0,0,1
HIT08_54,109,4,3,0,1,0,0,1
HIT08_54,109,4,2,0,1,0,0,1
HIT08_54,109,1,1,0,1,0,0,1
HIT08_54,109,4,3,0,0,0,1,0
HIT08_54,109,5,5,0,0,0,1,0
HIT06_51,81,4,1,0,1,0,0,1
HIT06_51,81,5,4,0,1,0,0,1
HIT06_51,81,3,3,0,1,0,0,1
HIT06_51,81,3,3,0,1,0,0,1
HIT06_51,81,0,4,0,0,0,0,0
HIT06_51,81,3,4,0,0,0,1,0
HIT06_51,81,0,4,0,0,0,0,0
HIT06_51,81,5,5,0,1,0,0,1
HIT06_51,81,4,3,0,1,0,0,1
HIT06_51,81,2,5,0,1,0,0,1
HIT06_51,81,5,2,0,1,0,0,1
HIT06_51,81,2,4,0,1,0,0,1
HIT06_51,81,1,4,0,0,0,1,0
HIT06_51,81,4,3,0,0,0,1,0
HIT06_51,81,3,3,0,1,0,0,1
HIT06_51,81,3,4,0,0,0,1,0
HIT06_51,81,4,4,0,1,0,0,1
HIT06_51,81,2,4,0,1,0,0,1
HIT06_51,81,4,2,0,1,0,0,1
HIT06_51,81,5,4,0,1,0,0,1
HIT08_54,110,2,3,0,1,0,0,1
HIT08_54,110,1,1,0,1,0,0,1
HIT08_54,110,3,3,0,1,0,0,1
HIT08_54,110,1,5,0,1,0,0,1
HIT08_54,110,4,2,0,1,0,0,1
HIT08_54,110,0,5,0,0,0,0,0
HIT08_54,110,4,2,0,1,0,0,1
HIT08_54,110,5,1,0,1,0,0,1
HIT08_54,110,5,1,0,1,0,0,1
HIT08_54,110,5,4,0,1,0,0,1
HIT08_54,110,4,2,0,0,0,1,0
HIT08_54,110,5,1,0,0,0,1,0
HIT08_54,110,5,1,0,1,0,0,1
HIT08_54,110,3,3,0,0,0,1,0
HIT08_54,110,4,2,0,1,0,0,1
HIT08_54,110,5,1,0,1,0,0,1
HIT08_54,110,5,2,0,1,0,0,1
HIT08_54,110,5,2,0,1,0,0,1
HIT08_54,110,5,1,0,1,0,0,1
HIT08_54,110,5,1,0,1,0,0,1
HIT06_51,85,1,5,0,1,0,0,1
HIT06_51,85,3,4,0,1,0,0,1
HIT06_51,85,4,2,0,1,0,0,1
HIT06_51,85,0,5,0,0,0,0,0
HIT06_51,85,5,1,0,1,0,0,1
HIT06_51,85,4,3,0,1,0,0,1
HIT06_51,85,5,1,0,1,0,0,1
HIT06_51,85,0,5,0,0,0,0,0
HIT06_51,85,4,3,0,1,0,0,1
HIT06_51,85,4,3,0,1,0,0,1
HIT06_51,85,2,3,0,1,0,0,1
HIT06_51,85,3,3,0,1,0,0,1
HIT06_51,85,3,3,0,0,0,1,0
HIT06_51,85,3,3,0,1,0,0,1
HIT06_51,85,0,5,0,0,0,0,0
HIT06_51,85,5,1,0,1,0,0,1
HIT06_51,85,5,3,0,1,0,0,1
HIT06_51,85,0,5,0,0,0,0,0
HIT06_51,85,1,3,0,1,0,0,1
HIT06_51,85,5,2,0,1,0,0,1
HIT06_51,89,0,5,0,0,0,0,0
HIT06_51,89,3,4,0,1,0,0,1
HIT06_51,89,5,3,0,1,0,0,1
HIT06_51,89,4,2,0,1,0,0,1
HIT06_51,89,4,3,0,1,0,0,1
HIT06_51,89,4,3,0,1,0,0,1
HIT06_51,89,5,2,0,1,0,0,1
HIT06_51,89,2,3,0,1,0,0,1
HIT06_51,89,3,3,0,1,0,0,1
HIT06_51,89,4,4,0,1,0,0,1
HIT06_51,89,4,2,0,1,0,0,1
HIT06_51,89,3,4,0,1,0,0,1
HIT06_51,89,4,4,0,1,0,0,1
HIT06_51,89,5,5,0,1,0,0,1
HIT06_51,89,4,5,0,1,0,0,1
HIT06_51,89,4,3,0,1,0,0,1
HIT06_51,89,3,5,0,1,0,0,1
HIT06_51,89,5,1,0,1,0,0,1
HIT06_51,89,3,4,0,1,0,0,1
HIT06_51,89,5,3,0,1,0,0,1
HIT08_54,127,5,5,0,0,0,1,0
HIT08_54,127,5,1,0,1,0,0,1
HIT08_54,127,3,3,0,0,0,1,0
HIT08_54,127,5,3,0,0,0,1,0
HIT08_54,127,1,5,0,1,0,0,1
HIT08_54,127,4,3,0,0,0,1,0
HIT08_54,127,3,3,0,1,0,0,1
HIT08_54,127,4,3,0,0,0,1,0
HIT08_54,127,4,2,0,0,0,1,0
HIT08_54,127,4,4,0,1,0,0,1
HIT08_54,127,5,1,0,0,0,1,0
HIT08_54,127,3,4,0,0,0,1,0
HIT08_54,127,3,2,0,0,0,1,0
HIT08_54,127,5,2,0,1,0,0,1
HIT08_54,127,5,2,0,0,0,1,0
HIT08_54,127,4,5,0,1,0,0,1
HIT08_54,127,2,5,0,0,0,1,0
HIT08_54,127,5,1,0,0,0,1,0
HIT08_54,127,5,1,0,1,0,0,1
HIT08_54,127,5,1,0,1,0,0,1
HIT08_54,119,5,5,1,0,0,0,1
HIT08_54,119,5,1,0,0,1,0,0
HIT08_54,119,3,3,0,0,1,0,0
HIT08_54,119,5,2,0,0,1,0,0
HIT08_54,119,1,5,0,0,1,0,0
HIT08_54,119,4,2,0,0,1,0,0
HIT08_54,119,4,2,0,0,1,0,0
HIT08_54,119,4,3,1,0,0,0,1
HIT08_54,119,4,2,1,0,0,0,1
HIT08_54,119,5,2,0,0,1,0,0
HIT08_54,119,5,2,0,0,1,0,0
HIT08_54,119,4,5,1,0,0,0,1
HIT08_54,119,4,2,1,0,0,0,1
HIT08_54,119,5,2,0,0,1,0,0
HIT08_54,119,0,3,0,0,0,0,0
HIT08_54,119,3,5,0,0,1,0,0
HIT08_54,119,3,5,0,0,1,0,0
HIT08_54,119,5,2,0,0,1,0,0
HIT08_54,119,5,1,0,0,1,0,0
HIT08_54,119,5,1,1,0,0,0,1
HIT08_54,111,5,2,0,1,0,0,1
HIT08_54,111,5,1,0,1,0,0,1
HIT08_54,111,2,3,0,1,0,0,1
HIT08_54,111,4,2,0,1,0,0,1
HIT08_54,111,0,4,0,0,0,0,0
HIT08_54,111,4,2,0,1,0,0,1
HIT08_54,111,4,2,0,1,0,0,1
HIT08_54,111,5,2,0,1,0,0,1
HIT08_54,111,4,2,0,1,0,0,1
HIT08_54,111,5,1,0,1,0,0,1
HIT08_54,111,5,1,0,1,0,0,1
HIT08_54,111,4,2,0,1,0,0,1
HIT08_54,111,4,2,0,1,0,0,1
HIT08_54,111,5,2,0,1,0,0,1
HIT08_54,111,5,1,0,1,0,0,1
HIT08_54,111,3,5,0,1,0,0,1
HIT08_54,111,3,5,0,1,0,0,1
HIT08_54,111,5,1,0,1,0,0,1
HIT08_54,111,5,1,0,1,0,0,1
HIT08_54,111,5,1,0,1,0,0,1
HIT06_51,83,4,4,0,0,0,1,0
HIT06_51,83,3,3,0,1,0,0,1
HIT06_51,83,5,2,0,1,0,0,1
HIT06_51,83,5,1,0,1,0,0,1
HIT06_51,83,3,3,0,0,0,1,0
HIT06_51,83,3,3,0,1,0,0,1
HIT06_51,83,5,1,0,1,0,0,1
HIT06_51,83,4,3,0,0,0,1,0
HIT06_51,83,3,3,0,0,0,1,0
HIT06_51,83,4,4,0,1,0,0,1
HIT06_51,83,2,2,0,1,0,0,1
HIT06_51,83,4,4,0,1,0,0,1
HIT06_51,83,4,3,0,0,0,1,0
HIT06_51,83,4,3,0,0,0,1,0
HIT06_51,83,4,2,0,0,0,1,0
HIT06_51,83,4,3,0,1,0,0,1
HIT06_51,83,3,3,0,1,0,0,1
HIT06_51,83,5,1,0,1,0,0,1
HIT06_51,83,3,4,0,1,0,0,1
HIT06_51,83,2,2,0,0,0,1,0
HIT06_51,79,0,5,0,0,0,0,0
HIT06_51,79,4,3,1,0,0,0,1
HIT06_51,79,1,4,1,0,0,0,1
HIT06_51,79,4,3,0,0,1,0,0
HIT06_51,79,5,1,0,0,1,0,0
HIT06_51,79,4,2,0,0,1,0,0
HIT06_51,79,5,1,1,0,0,0,1
HIT06_51,79,0,5,0,0,0,0,0
HIT06_51,79,3,3,0,0,1,0,0
HIT06_51,79,3,4,0,0,1,0,0
HIT06_51,79,0,4,0,0,0,0,0
HIT06_51,79,3,3,0,0,1,0,0
HIT06_51,79,3,3,1,0,0,0,1
HIT06_51,79,5,3,0,0,1,0,0
HIT06_51,79,0,5,0,0,0,0,0
HIT06_51,79,5,1,0,0,1,0,0
HIT06_51,79,5,3,0,0,1,0,0
HIT06_51,79,1,3,0,0,1,0,0
HIT06_51,79,5,1,1,0,0,0,1
HIT06_51,79,2,3,0,0,1,0,0
HIT06_51,95,3,3,1,0,0,0,1
HIT06_51,95,3,3,1,0,0,0,1
HIT06_51,95,4,2,0,0,1,0,0
HIT06_51,95,5,1,0,0,1,0,0
HIT06_51,95,3,3,1,0,0,0,1
HIT06_51,95,0,4,0,0,0,0,0
HIT06_51,95,5,1,1,0,0,0,1
HIT06_51,95,5,3,0,0,1,0,0
HIT06_51,95,0,5,0,0,0,0,0
HIT06_51,95,4,4,0,0,1,0,0
HIT06_51,95,4,2,1,0,0,0,1
HIT06_51,95,0,4,0,0,0,0,0
HIT06_51,95,4,4,0,0,1,0,0
HIT06_51,95,4,4,0,0,1,0,0
HIT06_51,95,2,5,0,0,1,0,0
HIT06_51,95,4,3,0,0,1,0,0
HIT06_51,95,1,5,1,0,0,0,1
HIT06_51,95,5,1,0,0,1,0,0
HIT06_51,95,3,4,0,0,1,0,0
HIT06_51,95,3,3,1,0,0,0,1
HIT08_54,124,5,2,0,0,0,1,0
HIT08_54,124,3,3,0,0,0,1,0
HIT08_54,124,5,1,0,0,0,1,0
HIT08_54,124,4,2,0,1,0,0,1
HIT08_54,124,5,2,0,0,0,1,0
HIT08_54,124,5,2,0,0,0,1,0
HIT08_54,124,3,3,0,0,0,1,0
HIT08_54,124,5,1,0,0,0,1,0
HIT08_54,124,0,4,0,0,0,0,0
HIT08_54,124,5,1,0,0,0,1,0
HIT08_54,124,5,1,0,1,0,0,1
HIT08_54,124,5,2,0,1,0,0,1
HIT08_54,124,4,2,0,1,0,0,1
HIT08_54,124,0,3,0,0,0,0,0
HIT08_54,124,0,4,0,0,0,0,0
HIT08_54,124,5,3,0,0,0,1,0
HIT08_54,124,4,4,0,0,0,1,0
HIT08_54,124,5,1,0,1,0,0,1
HIT08_54,124,5,3,0,1,0,0,1
HIT08_54,124,5,1,0,0,0,1,0
HIT08_54,128,5,1,0,1,0,0,1
HIT08_54,128,4,4,0,0,0,1,0
HIT08_54,128,3,3,0,0,0,1,0
HIT08_54,128,0,5,0,0,0,0,0
HIT08_54,128,4,3,0,0,0,1,0
HIT08_54,128,3,3,0,0,0,1,0
HIT08_54,128,4,2,0,1,0,0,1
HIT08_54,128,4,2,0,1,0,0,1
HIT08_54,128,5,1,0,1,0,0,1
HIT08_54,128,5,1,0,1,0,0,1
HIT08_54,128,0,4,0,0,0,0,0
HIT08_54,128,3,3,0,1,0,0,1
HIT08_54,128,4,2,0,0,0,1,0
HIT08_54,128,5,1,0,1,0,0,1
HIT08_54,128,5,2,0,0,0,1,0
HIT08_54,128,2,4,0,1,0,0,1
HIT08_54,128,4,3,0,0,0,1,0
HIT08_54,128,5,1,0,1,0,0,1
HIT08_54,128,5,1,0,1,0,0,1
HIT08_54,128,4,4,0,1,0,0,1
HIT08_54,116,5,1,0,1,0,0,1
HIT08_54,116,5,2,0,1,0,0,1
HIT08_54,116,5,1,0,1,0,0,1
HIT08_54,116,5,1,0,1,0,0,1
HIT08_54,116,4,2,0,1,0,0,1
HIT08_54,116,2,3,0,0,0,1,0
HIT08_54,116,5,1,0,1,0,0,1
HIT08_54,116,5,1,0,1,0,0,1
HIT08_54,116,5,1,0,1,0,0,1
HIT08_54,116,5,2,0,1,0,0,1
HIT08_54,116,5,3,0,1,0,0,1
HIT08_54,116,3,4,0,1,0,0,1
HIT08_54,116,5,1,0,1,0,0,1
HIT08_54,116,4,4,0,1,0,0,1
HIT08_54,116,5,1,0,1,0,0,1
HIT08_54,116,3,3,0,1,0,0,1
HIT08_54,116,5,1,0,1,0,0,1
HIT08_54,116,4,4,0,1,0,0,1
HIT08_54,116,5,1,0,1,0,0,1
HIT08_54,116,0,5,0,0,0,0,0
HIT06_51,92,2,4,1,0,0,0,1
HIT06_51,92,3,4,0,0,1,0,0
HIT06_51,92,4,3,0,0,1,0,0
HIT06_51,92,4,3,0,0,1,0,0
HIT06_51,92,4,4,0,0,1,0,0
HIT06_51,92,3,2,0,0,1,0,0
HIT06_51,92,5,2,0,0,1,0,0
HIT06_51,92,4,5,0,0,1,0,0
HIT06_51,92,4,3,0,0,1,0,0
HIT06_51,92,3,5,0,0,1,0,0
HIT06_51,92,2,5,1,0,0,0,1
HIT06_51,92,5,1,1,0,0,0,1
HIT06_51,92,3,3,0,0,1,0,0
HIT06_51,92,5,2,0,0,1,0,0
HIT06_51,92,5,1,0,0,1,0,0
HIT06_51,92,0,3,0,0,0,0,0
HIT06_51,92,2,4,0,0,1,0,0
HIT06_51,92,3,3,0,0,1,0,0
HIT06_51,92,5,5,1,0,0,0,1
HIT06_51,92,4,3,0,0,1,0,0
HIT08_54,120,5,1,0,0,0,1,0
HIT08_54,120,4,3,0,1,0,0,1
HIT08_54,120,3,3,0,0,0,1,0
HIT08_54,120,3,3,0,1,0,0,1
HIT08_54,120,4,2,0,1,0,0,1
HIT08_54,120,3,3,0,1,0,0,1
HIT08_54,120,4,1,0,1,0,0,1
HIT08_54,120,4,2,0,1,0,0,1
HIT08_54,120,5,1,0,1,0,0,1
HIT08_54,120,5,1,0,0,0,1,0
HIT08_54,120,2,2,0,1,0,0,1
HIT08_54,120,0,3,0,0,0,0,0
HIT08_54,120,4,2,0,1,0,0,1
HIT08_54,120,5,1,0,1,0,0,1
HIT08_54,120,5,5,0,1,0,0,1
HIT08_54,120,4,2,0,1,0,0,1
HIT08_54,120,5,2,0,1,0,0,1
HIT08_54,120,5,1,0,0,0,1,0
HIT08_54,120,5,2,0,1,0,0,1
HIT08_54,120,5,5,0,1,0,0,1
HIT08_54,108,5,1,0,1,0,0,1
HIT08_54,108,5,1,0,1,0,0,1
HIT08_54,108,5,2,0,1,0,0,1
HIT08_54,108,5,1,0,1,0,0,1
HIT08_54,108,5,1,0,1,0,0,1
HIT08_54,108,0,3,0,0,0,0,0
HIT08_54,108,5,1,0,1,0,0,1
HIT08_54,108,5,1,0,1,0,0,1
HIT08_54,108,5,1,0,1,0,0,1
HIT08_54,108,5,1,0,1,0,0,1
HIT08_54,108,0,3,0,0,0,0,0
HIT08_54,108,5,2,0,1,0,0,1
HIT08_54,108,5,1,0,1,0,0,1
HIT08_54,108,5,1,0,1,0,0,1
HIT08_54,108,5,2,0,0,0,1,0
HIT08_54,108,3,3,0,1,0,0,1
HIT08_54,108,5,1,0,1,0,0,1
HIT08_54,108,4,1,0,1,0,0,1
HIT08_54,108,5,1,0,1,0,0,1
HIT08_54,108,4,2,0,1,0,0,1
HIT06_51,86,0,4,0,0,0,0,0
HIT06_51,86,3,3,0,1,0,0,1
HIT06_51,86,4,3,0,1,0,0,1
HIT06_51,86,5,5,0,0,0,1,0
HIT06_51,86,5,4,0,1,0,0,1
HIT06_51,86,4,3,0,1,0,0,1
HIT06_51,86,5,2,0,1,0,0,1
HIT06_51,86,0,5,0,0,0,0,0
HIT06_51,86,3,3,0,0,0,1,0
HIT06_51,86,0,5,0,0,0,0,0
HIT06_51,86,3,4,0,0,0,1,0
HIT06_51,86,5,1,0,1,0,0,1
HIT06_51,86,4,1,0,1,0,0,1
HIT06_51,86,5,3,0,1,0,0,1
HIT06_51,86,5,1,0,1,0,0,1
HIT06_51,86,0,3,0,0,0,0,0
HIT06_51,86,4,2,0,1,0,0,1
HIT06_51,86,4,3,0,1,0,0,1
HIT06_51,86,5,3,0,1,0,0,1
HIT06_51,86,5,4,0,1,0,0,1
HIT06_51,80,0,4,0,0,0,0,0
HIT06_51,80,3,3,0,1,0,0,1
HIT06_51,80,3,3,0,1,0,0,1
HIT06_51,80,3,4,0,1,0,0,1
HIT06_51,80,4,4,0,1,0,0,1
HIT06_51,80,4,3,0,0,0,1,0
HIT06_51,80,5,2,0,1,0,0,1
HIT06_51,80,3,5,0,0,0,1,0
HIT06_51,80,4,2,0,1,0,0,1
HIT06_51,80,0,5,0,0,0,0,0
HIT06_51,80,2,5,0,0,0,1,0
HIT06_51,80,5,2,0,1,0,0,1
HIT06_51,80,4,4,0,0,0,1,0
HIT06_51,80,1,1,0,1,0,0,1
HIT06_51,80,3,1,0,1,0,0,1
HIT06_51,80,0,3,0,0,0,0,0
HIT06_51,80,0,3,0,0,0,0,0
HIT06_51,80,4,3,0,0,0,1,0
HIT06_51,80,5,5,0,1,0,0,1
HIT06_51,80,4,4,0,0,0,1,0
HIT05_35,78,0,4,0,0,0,0,0
HIT05_35,78,0,5,0,0,0,0,0
HIT05_35,78,3,4,0,0,0,1,0
HIT05_35,78,5,4,0,1,0,0,1
HIT05_35,78,5,1,0,0,0,1,0
HIT05_35,78,5,3,0,1,0,0,1
HIT05_35,78,0,5,0,0,0,0,0
HIT05_35,78,4,4,0,0,0,1,0
HIT05_35,78,0,5,0,0,0,0,0
HIT05_35,78,5,2,0,0,0,1,0
HIT05_35,78,5,4,0,0,0,1,0
HIT05_35,78,2,5,0,0,0,1,0
HIT05_35,78,3,4,0,0,0,1,0
HIT05_35,78,4,2,0,0,0,1,0
HIT05_35,78,5,5,0,1,0,0,1
HIT05_35,78,0,4,0,0,0,0,0
HIT05_35,78,3,3,0,0,0,1,0
HIT05_35,78,4,2,0,1,0,0,1
HIT05_35,78,4,3,0,0,0,1,0
HIT05_35,78,2,2,0,0,0,1,0
HIT05_35,75,0,4,0,0,0,0,0
HIT05_35,75,0,5,0,0,0,0,0
HIT05_35,75,3,4,0,0,0,1,0
HIT05_35,75,3,4,0,0,0,1,0
HIT05_35,75,5,1,0,0,0,1,0
HIT05_35,75,5,4,0,1,0,0,1
HIT05_35,75,2,5,0,1,0,0,1
HIT05_35,75,5,1,0,1,0,0,1
HIT05_35,75,0,5,0,0,0,0,0
HIT05_35,75,5,1,0,0,0,1,0
HIT05_35,75,5,1,0,1,0,0,1
HIT05_35,75,1,5,0,1,0,0,1
HIT05_35,75,2,4,0,0,0,1,0
HIT05_35,75,5,1,0,0,0,1,0
HIT05_35,75,5,5,0,0,0,1,0
HIT05_35,75,0,4,0,0,0,0,0
HIT05_35,75,4,2,0,1,0,0,1
HIT05_35,75,4,3,0,0,0,1,0
HIT05_35,75,2,3,0,0,0,1,0
HIT05_35,75,3,3,0,1,0,0,1
HIT06_51,88,4,4,0,1,0,0,1
HIT06_51,88,4,4,0,1,0,0,1
HIT06_51,88,5,5,0,0,0,1,0
HIT06_51,88,4,3,0,1,0,0,1
HIT06_51,88,3,3,0,1,0,0,1
HIT06_51,88,2,4,0,1,0,0,1
HIT06_51,88,4,4,0,1,0,0,1
HIT06_51,88,2,4,0,1,0,0,1
HIT06_51,88,4,2,0,1,0,0,1
HIT06_51,88,0,5,0,0,0,0,0
HIT06_51,88,5,3,0,1,0,0,1
HIT06_51,88,4,3,0,1,0,0,1
HIT06_51,88,2,4,0,1,0,0,1
HIT06_51,88,3,3,0,0,0,1,0
HIT06_51,88,3,5,0,1,0,0,1
HIT06_51,88,4,2,0,1,0,0,1
HIT06_51,88,4,4,0,1,0,0,1
HIT06_51,88,0,5,0,0,0,0,0
HIT06_51,88,5,3,0,0,0,1,0
HIT06_51,88,4,3,0,1,0,0,1
HIT08_54,112,5,1,0,1,0,0,1
HIT08_54,112,4,3,0,1,0,0,1
HIT08_54,112,3,3,0,0,0,1,0
HIT08_54,112,3,3,0,1,0,0,1
HIT08_54,112,3,3,0,1,0,0,1
HIT08_54,112,4,3,0,1,0,0,1
HIT08_54,112,4,2,0,1,0,0,1
HIT08_54,112,4,1,0,1,0,0,1
HIT08_54,112,5,1,0,1,0,0,1
HIT08_54,112,5,1,0,1,0,0,1
HIT08_54,112,3,3,0,1,0,0,1
HIT08_54,112,3,3,0,1,0,0,1
HIT08_54,112,4,2,0,1,0,0,1
HIT08_54,112,5,1,0,1,0,0,1
HIT08_54,112,5,1,0,1,0,0,1
HIT08_54,112,3,3,0,1,0,0,1
HIT08_54,112,5,2,0,1,0,0,1
HIT08_54,112,5,1,0,1,0,0,1
HIT08_54,112,5,3,0,1,0,0,1
HIT08_54,112,4,3,0,0,0,1,0
HIT06_51,82,4,4,0,0,0,1,0
HIT06_51,82,4,4,0,1,0,0,1
HIT06_51,82,5,1,0,1,0,0,1
HIT06_51,82,4,3,0,1,0,0,1
HIT06_51,82,2,3,0,0,0,1,0
HIT06_51,82,1,3,0,1,0,0,1
HIT06_51,82,5,3,0,1,0,0,1
HIT06_51,82,1,4,0,1,0,0,1
HIT06_51,82,4,2,0,1,0,0,1
HIT06_51,82,3,5,0,1,0,0,1
HIT06_51,82,2,3,0,0,0,1,0
HIT06_51,82,3,3,0,1,0,0,1
HIT06_51,82,3,4,0,0,0,1,0
HIT06_51,82,4,2,0,1,0,0,1
HIT06_51,82,3,3,0,0,0,1,0
HIT06_51,82,5,1,0,1,0,0,1
HIT06_51,82,4,4,0,1,0,0,1
HIT06_51,82,0,5,0,0,0,0,0
HIT06_51,82,0,3,0,0,0,0,0
HIT06_51,82,3,3,0,1,0,0,1
HIT06_51,94,5,4,0,0,0,1,0
HIT06_51,94,3,4,0,1,0,0,1
HIT06_51,94,5,1,0,1,0,0,1
HIT06_51,94,3,4,0,1,0,0,1
HIT06_51,94,3,3,0,1,0,0,1
HIT06_51,94,1,5,0,1,0,0,1
HIT06_51,94,4,3,0,1,0,0,1
HIT06_51,94,3,3,0,1,0,0,1
HIT06_51,94,4,2,0,1,0,0,1
HIT06_51,94,0,5,0,0,0,0,0
HIT06_51,94,5,2,0,1,0,0,1
HIT06_51,94,5,2,0,1,0,0,1
HIT06_51,94,4,2,0,1,0,0,1
HIT06_51,94,3,3,0,0,0,1,0
HIT06_51,94,4,4,0,0,0,1,0
HIT06_51,94,3,3,0,1,0,0,1
HIT06_51,94,5,1,0,1,0,0,1
HIT06_51,94,0,3,0,0,0,0,0
HIT06_51,94,4,4,0,1,0,0,1
HIT06_51,94,3,3,0,1,0,0,1
HIT05_35,72,2,3,1,0,0,0,1
HIT05_35,72,4,3,1,0,0,0,1
HIT05_35,72,2,5,1,0,0,0,1
HIT05_35,72,2,5,0,0,1,0,0
HIT05_35,72,5,1,1,0,0,0,1
HIT05_35,72,5,4,0,0,1,0,0
HIT05_35,72,2,4,0,0,1,0,0
HIT05_35,72,3,3,0,0,1,0,0
HIT05_35,72,0,5,0,0,0,0,0
HIT05_35,72,5,1,1,0,0,0,1
HIT05_35,72,5,1,0,0,1,0,0
HIT05_35,72,2,5,0,0,1,0,0
HIT05_35,72,3,4,1,0,0,0,1
HIT05_35,72,5,1,1,0,0,0,1
HIT05_35,72,5,5,1,0,0,0,1
HIT05_35,72,5,2,0,0,1,0,0
HIT05_35,72,4,2,1,0,0,0,1
HIT05_35,72,4,2,1,0,0,0,1
HIT05_35,72,2,2,1,0,0,0,1
HIT05_35,72,3,3,0,0,1,0,0
